,zpid,address,city_state_zip,latitude,longitude,message_code,zestimate,valuation_high,valuation_low,home value index,tax assessment,tax assess year,year built,lot size,finished sq ft,bedrooms,bathrooms,rentzestimate,valuechange
0,20825166,1010 Omer Ln, Burbank CA 91502,34.1677262479,-118.305972272,0,862895.0,906040.0,819750.0,"704,400",378788.0,2017,1944.0,6592,1612.0,4.0,2.0,2500,
1,20065948,2601 W Oak St, Burbank CA 91505,34.1614284398,-118.331195625,0,1064774.0,1118013.0,1011535.0,"704,400",560430.0,2017,1977.0,6267,2161.0,4.0,2.0,3900,
2,20054209,907 E Orange Grove Ave, Burbank CA 91501,34.1901717527,-118.301153945,0,816428.0,857249.0,775607.0,"704,400",137700.0,2017,1938.0,7453,1006.0,3.0,1.0,2800,
3,20049263,214 S Lincoln St, Burbank CA 91506,34.1619473946,-118.327250924,0,758370.0,796288.0,720452.0,"704,400",685000.0,2017,1949.0,7048,1156.0,2.0,2.0,2950,
4,20060944,1600 Tulare Ave, Burbank CA 91504,34.2027228977,-118.328088257,0,820865.0,861908.0,779822.0,"704,400",211628.0,2017,1949.0,8578,1431.0,2.0,1.0,3100,
5,20047601,1516 N Lima St, Burbank CA 91505,34.1780109631,-118.346855696,0,703321.0,738487.0,668155.0,"704,400",581981.0,2017,1940.0,6882,1200.0,2.0,1.0,3200,
6,20057251,2230 N Buena Vista St, Burbank CA 91504,34.1972051048,-118.337742696,0,654221.0,686932.0,621510.0,"704,400",46412.0,2017,1949.0,6379,924.0,3.0,1.0,2700,
7,20055246,532 Birmingham Rd, Burbank CA 91504,34.1966039286,-118.31971341399999,0,868592.0,912022.0,825162.0,"704,400",354264.0,2017,1951.0,7262,1332.0,3.0,2.0,3200,
8,20822902,520 E Elmwood Ave, Burbank CA 91501,34.1797817764,-118.297213857,0,676454.0,710277.0,642631.0,"704,400",254891.0,2017,1982.0,23395,1743.0,2.0,3.0,3200,
9,20060170,3425 Brace Canyon Rd, Burbank CA 91504,34.217536852100004,-118.32194417,0,1241727.0,1365900.0,1154806.0,"704,400",675386.0,2017,1979.0,10003,2519.0,3.0,3.0,4500,
10,20060426,3421 Haven Way, Burbank CA 91504,34.2107134091,-118.321536366,0,1394567.0,1492187.0,1324839.0,"704,400",849643.0,2017,1987.0,13677,2968.0,4.0,2.5,5500,
11,20051217,1009 N Brighton St, Burbank CA 91506,34.1775594155,-118.33654798,0,825771.0,867060.0,784482.0,"704,400",100728.0,2017,1929.0,7198,1565.0,3.0,2.0,3150,
12,20054592,1018 E Verdugo Ave, Burbank CA 91501,34.188289377800004,-118.295140374,0,825010.0,866260.0,783760.0,"704,400",163842.0,2017,1924.0,7622,1128.0,3.0,1.0,2800,
13,20033995,9437 Via Monique, Burbank CA 91504,34.214275800100005,-118.338065444,0,523220.0,549381.0,497059.0,"457,800",212667.0,2017,1978.0,195306,1244.0,2.0,3.0,3000,
14,20059331,925 Uclan Dr, Burbank CA 91504,34.2001278358,-118.313988127,0,1320012.0,1386013.0,1254011.0,"704,400",620006.0,2017,1951.0,7380,3464.0,4.0,3.0,4500,
15,20058053,1801 N Kenneth Rd, Burbank CA 91504,34.1999177176,-118.31832775299999,0,809373.0,849842.0,768904.0,"704,400",467964.0,2017,1951.0,6207,1349.0,3.0,1.0,3200,
16,20059627,849 Stephen Rd, Burbank CA 91504,34.2049013261,-118.321313044,0,1359750.0,1441335.0,1291763.0,"704,400",655939.0,2017,1954.0,12918,3106.0,4.0,3.0,5000,
17,20054059,807 E Magnolia Blvd, Burbank CA 91501,34.1904115446,-118.304480614,0,1500091.0,1605097.0,1410086.0,"704,400",1214679.0,2017,1990.0,7548,3510.0,5.0,4.0,6500,
18,20064293,3100 W Clark Ave, Burbank CA 91505,34.1660791983,-118.339158379,0,886086.0,930390.0,841782.0,"704,400",483405.0,2017,1944.0,8186,1598.0,3.0,3.0,3300,
19,20055053,737 Tufts Ave, Burbank CA 91504,34.197743365,-118.315649996,0,896872.0,941716.0,852028.0,"704,400",610227.0,2017,1951.0,6934,1515.0,3.0,2.0,3595,
20,20051476,910 N Orchard Dr, Burbank CA 91506,34.1802837205,-118.33082731100001,0,899636.0,944618.0,854654.0,"704,400",421617.0,2017,1939.0,5623,1670.0,4.0,3.0,3475,
21,20060255,2911 Joaquin Dr, Burbank CA 91504,34.210067142,-118.326065398,0,1033467.0,1085140.0,981794.0,"704,400",1159820.0,2017,1971.0,7564,2119.0,4.0,2.75,3800,
22,20058740,1021 N Sunset Canyon Dr, Burbank CA 91504,34.1991833719,-118.306175761,0,1698486.0,1783410.0,1596577.0,"704,400",1032448.0,2017,1958.0,10018,3644.0,4.0,5.0,5815,
23,20056484,2120 N Screenland Dr, Burbank CA 91505,34.1874945347,-118.35108250399999,0,633986.0,665685.0,602287.0,"704,400",398137.0,2017,1941.0,6751,918.0,2.0,1.0,2900,
24,20049151,201 S Orchard Dr, Burbank CA 91506,34.165745563200005,-118.323746894,0,1041749.0,1104254.0,989662.0,"704,400",504085.0,2017,1947.0,9449,2103.0,2.0,2.0,3800,
25,20049707,341 S Virginia Ave, Burbank CA 91506,34.1663097194,-118.316893255,0,878450.0,922372.0,834528.0,"704,400",501798.0,2017,1944.0,7463,1597.0,4.0,2.0,3495,
26,20059572,837 Stanford Rd, Burbank CA 91504,34.2035059492,-118.320289195,0,937694.0,984579.0,890809.0,"704,400",91156.0,2017,1954.0,8962,1588.0,3.0,2.0,3500,
27,20059084,936 Delaware Rd, Burbank CA 91504,34.1966659184,-118.308915205,0,956943.0,1004790.0,909096.0,"704,400",131576.0,2017,1952.0,7429,1671.0,4.0,2.0,3500,
28,20052423,252 W Tujunga Ave, Burbank CA 91502,34.172589885,-118.31374609299999,0,952454.0,1000077.0,904831.0,"704,400",350542.0,2017,1925.0,7749,1912.0,3.0,2.0,2500,
29,20065394,347 N Fairview St, Burbank CA 91505,34.1610462828,-118.336985127,0,1102554.0,1157682.0,1047426.0,"704,400",887243.0,2017,1926.0,6098,2272.0,4.0,3.0,3823,
30,60325224,1899 Thurber Pl, Burbank CA 91501,34.193864139,-118.28218780700001,0,1027861.0,1079254.0,976468.0,"704,400",804440.0,2017,1967.0,7824,1832.0,3.0,3.0,3900,
31,95609509,1209 E Elmwood Ave, Burbank CA 91501,34.1939363138,-118.287104051,0,4278122.0,4577591.0,3935872.0,"704,400",1695427.0,2017,2008.0,313020,7288.0,5.0,5.0,15626,
32,20057080,2333 N Catalina St, Burbank CA 91504,34.1949771483,-118.341522578,0,790554.0,830082.0,751026.0,"704,400",110538.0,2017,1939.0,6861,1801.0,3.0,2.0,3200,
33,20065838,230 N California St, Burbank CA 91505,34.1570161817,-118.336502639,0,860689.0,903723.0,817655.0,"704,400",77651.0,2017,1948.0,6730,1445.0,3.0,2.0,3200,
34,20060636,2621 N Myers St, Burbank CA 91504,34.204153879699994,-118.334807519,0,739687.0,776671.0,702703.0,"704,400",590265.0,2017,1948.0,6098,1226.0,3.0,1.0,3150,
35,60325224,1899 Thurber Pl, Burbank CA 91501,34.1923629253,-118.279494236,0,1027861.0,1079254.0,976468.0,"704,400",804440.0,2017,1967.0,7824,1832.0,3.0,3.0,3900,
36,20056249,1211 N Sparks St, Burbank CA 91506,34.1855693662,-118.32836433899999,0,703092.0,738247.0,667937.0,"704,400",369376.0,2017,1947.0,6526,777.0,2.0,1.0,2800,
37,20058024,1818 Karen St, Burbank CA 91504,34.1994036295,-118.319516265,0,960841.0,1008883.0,912799.0,"704,400",830000.0,2017,1951.0,6833,1835.0,3.0,2.0,3500,
38,20065958,316 N Florence St, Burbank CA 91505,34.1629611008,-118.33343150399999,0,1164453.0,1222676.0,1106230.0,"704,400",669917.0,2017,1950.0,6969,2319.0,4.0,3.0,2800,
39,20821676,824 S Bel Aire Dr, Burbank CA 91501,34.1851705211,-118.290596829,0,1137013.0,1193864.0,1080162.0,"704,400",383003.0,2017,1975.0,14280,2118.0,4.0,2.0,3800,
40,82867990,1715 Rudell Rd, Burbank CA 91501,34.1942678006,-118.28750049899999,0,2974673.0,3182900.0,2706952.0,"704,400",993209.0,2017,2006.0,739113,4424.0,6.0,7.0,9367,
41,20060508,3434 Viewcrest Dr, Burbank CA 91504,34.2092245927,-118.321169486,0,2180258.0,2289271.0,2071245.0,"704,400",1028684.0,2017,1985.0,17100,5167.0,4.0,4.0,6993,
42,20060533,3421 Kildare Ct, Burbank CA 91504,34.2183409544,-118.33303964299999,0,1503032.0,1593214.0,1412850.0,"704,400",1720289.0,2017,2001.0,8990,3912.0,4.0,3.5,8350,
43,20052277,618 N Beachwood Dr, Burbank CA 91506,34.177968725999996,-118.32580470100001,0,916071.0,961875.0,870267.0,"704,400",259661.0,2017,1947.0,6154,2044.0,3.0,2.0,3295,
44,20051594,634 N Parish Pl, Burbank CA 91506,34.1753669278,-118.32897534799999,0,802861.0,843004.0,762718.0,"704,400",118731.0,2017,1938.0,7293,1560.0,2.0,2.0,3200,
45,20046812,1612 N Pepper St, Burbank CA 91505,34.1781187476,-118.35014713,0,760960.0,799008.0,722912.0,"704,400",201249.0,2017,1948.0,5845,1391.0,3.0,2.0,3195,
46,20050688,544 N Lincoln St, Burbank CA 91506,34.1708644666,-118.33137447,0,750781.0,788320.0,713242.0,"704,400",303916.0,2017,1947.0,7087,911.0,2.0,1.0,2850,
47,63082999,1620 N San Fernando Blvd, Burbank CA 91504,34.1918480656,-118.324418505,0,384305.0,403520.0,365090.0,"704,400",202739.0,2017,1964.0,74074,860.0,2.0,1.0,2200,
48,20053822,456 E San Jose Ave, Burbank CA 91501,34.186905583699996,-118.309098351,0,533120.0,559776.0,506464.0,"704,400",244721.0,2017,1981.0,20128,1246.0,2.0,2.0,2545,
49,95609509,1209 E Elmwood Ave, Burbank CA 91501,34.1946880962,-118.28377951899999,0,4278122.0,4577591.0,3935872.0,"704,400",1695427.0,2017,2008.0,313020,7288.0,5.0,5.0,15626,
50,20057986,1914 Landis St, Burbank CA 91504,34.1954240121,-118.32822479299999,0,863652.0,906835.0,820469.0,"704,400",65863.0,2017,1944.0,7232,1586.0,4.0,2.0,2450,
51,20057894,2204 Peyton Ave, Burbank CA 91504,34.1959497259,-118.33251025,0,948524.0,995950.0,901098.0,"704,400",840000.0,2017,1952.0,7639,2082.0,5.0,2.0,2600,
52,20834498,Bicycle Path, Los Angeles CA 90039,34.1454520139,-118.277311324,0,1002188.0,1052297.0,952079.0,"833,700",323300.0,2017,1924.0,7143,2000.0,2.0,2.0,,
53,20839498,1848 Sherer Ln, Glendale CA 91208,34.172814924099995,-118.224315831,0,1562046.0,1640148.0,1483944.0,"893,900",514355.0,2017,1978.0,47204,2860.0,3.0,3.0,4534,
54,20819723,1914 Polaris Dr, Glendale CA 91208,34.176859381,-118.23646186799999,0,1243694.0,1305879.0,1181509.0,"893,900",603941.0,2017,1971.0,29567,2092.0,3.0,2.0,3570,
55,20829562,606 South St, Glendale CA 91202,34.1623988062,-118.269522476,0,645286.0,684003.0,567852.0,"792,200",55927.0,2017,1924.0,5993,1091.0,2.0,1.0,2750,
56,20825853,1412 Lake St, Glendale CA 91201,34.1590977287,-118.292685097,0,775450.0,814222.0,736678.0,"641,600",566100.0,2017,1964.0,7499,1274.0,3.0,2.0,3000,
57,20830355,730 Patterson Ave, Glendale CA 91202,34.1572300714,-118.271541642,0,803921.0,844117.0,763725.0,"720,000",82337.0,2017,1927.0,5476,1543.0,3.0,2.0,3250,
58,20842955,2242 E Chevy Chase Dr, Glendale CA 91206,34.1588865319,-118.21797061299999,0,905009.0,950259.0,859759.0,"936,400",649588.0,2017,1921.0,9409,1504.0,3.0,2.0,3300,
59,20826346,1314 Norton Ave, Glendale CA 91202,34.1669507266,-118.274279952,0,1031017.0,1082568.0,979466.0,"792,200",104517.0,2017,1935.0,12050,1804.0,3.0,2.0,3650,
60,20835948,1201 E Broadway, Glendale CA 91205,34.1465658863,-118.23899959799999,0,931473.0,978047.0,884899.0,"438,800",363524.0,2017,1946.0,5744,2111.0,4.0,3.0,2500,
61,20827302,1510 Virginia Ave, Glendale CA 91202,34.1709613626,-118.269745075,0,1580709.0,1659744.0,1485866.0,"792,200",639743.0,2017,1960.0,20898,2686.0,3.0,3.0,4950,
62,20836584,826 N Glendale Ave, Glendale CA 91206,34.158215612,-118.239763734,0,728738.0,765175.0,692301.0,"833,700",243129.0,2017,1923.0,6559,1173.0,2.0,2.0,2695,
63,20835081,CA-2, Glendale CA,34.166581920300004,-118.22501081600001,0,535754.0,562542.0,508966.0,"438,800",403864.0,2017,1987.0,24762,1133.0,2.0,3.0,2650,
64,20843472,900 Calle Del Pacifico, Glendale CA 91208,34.1650552356,-118.216943413,0,1257818.0,1320709.0,1194927.0,"929,700",728681.0,2017,1989.0,7975,2618.0,4.0,3.0,4303,
65,20847283,1201 Oakridge Dr, Glendale CA 91205,34.1321415296,-118.24535905,0,904467.0,949690.0,859244.0,"683,800",149549.0,2017,1936.0,6302,1724.0,4.0,3.0,2995,
66,20832280,405 Chester St, Glendale CA 91203,34.1518452479,-118.27011803399999,0,1092564.0,1201820.0,1037936.0,"452,900",693819.0,2017,1923.0,6804,2344.0,5.0,3.0,3750,
67,20829741,516 W Stocker St, Glendale CA 91202,34.162962692600004,-118.265855033,0,1192594.0,1276076.0,1132964.0,"792,200",541128.0,2017,1932.0,6790,2726.0,4.0,2.0,2895,
68,20837133,418 Ross St, Glendale CA 91207,34.165892959699995,-118.250275909,0,1095225.0,1149986.0,1040464.0,"833,700",344871.0,2017,1930.0,8276,1904.0,3.0,2.0,3506,
69,20838813,1530 Arboles Dr, Glendale CA 91207,34.1707015957,-118.236148256,0,1320672.0,1386706.0,1254638.0,"1,212,100",426734.0,2017,1938.0,13457,2354.0,3.0,3.0,4327,
70,20834069,612 N Louise St, Glendale CA 91206,34.155184946300004,-118.25220752700001,0,470014.0,493515.0,446513.0,"414,500",73242.0,2017,1974.0,14643,1042.0,1.0,2.0,2650,
71,20838325,863 Harrington Rd, Glendale CA 91207,34.1672367914,-118.244023003,0,1426547.0,1540671.0,1355220.0,"833,700",787119.0,2017,1958.0,17535,2524.0,3.0,3.0,4532,
72,20839038,1333 Rossmoyne Ave, Glendale CA 91207,34.1651457518,-118.23890847700001,0,1224662.0,1285895.0,1163429.0,"833,700",737070.0,2017,1925.0,7497,2327.0,3.0,3.0,4174,
73,20828151,264 W Kenneth Rd, Glendale CA 91202,34.1685590756,-118.259444933,0,912249.0,957861.0,866637.0,"474,200",743412.0,2017,1925.0,8359,1576.0,3.0,2.0,3800,
74,20827776,310 Wonderview Dr, Glendale CA 91202,34.177126769299996,-118.25979722299999,0,1173670.0,1232353.0,1114987.0,"1,278,200",1128000.0,2017,1967.0,7708,2314.0,2.0,3.0,5000,
75,20832797,124 W Garfield Ave, Glendale CA 91204,34.135504633800004,-118.255939689,0,1136388.0,1238663.0,1045477.0,"411,400",823063.0,2017,1914.0,7056,2448.0,5.0,4.0,2600,
76,20838610,911 Kilmary Ln, Glendale CA 91207,34.1785100153,-118.243975755,0,1064218.0,1117429.0,1011007.0,"1,212,100",171407.0,2017,1973.0,9136,1938.0,3.0,2.0,3878,
77,20827774,225 Wonderview Dr, Glendale CA 91202,34.1774876029,-118.25722809700001,0,1356699.0,1424534.0,1288864.0,"1,278,200",991206.0,2017,1973.0,14531,2664.0,4.0,3.0,5000,
78,55822880,1910 Las Flores Dr, Glendale CA 91207,34.1721525832,-118.23144830700001,0,1983120.0,2121938.0,1864133.0,"1,212,100",1545465.0,2017,1954.0,34,2.0,5.0,4.0,3995,
79,20842468,1505 Lynglen Dr, Glendale CA 91206,34.1540528119,-118.23069855899999,0,1449929.0,1522425.0,1333935.0,"791,800",1068922.0,2017,1961.0,14617,2888.0,3.0,4.0,4800,
80,20831646,453 Salem St, Glendale CA 91203,34.1489891691,-118.264171159,0,1105383.0,1193814.0,1039060.0,"452,900",463057.0,2017,1910.0,7075,2306.0,4.0,3.0,2450,
81,20844357,1724 E Chevy Chase Dr, Glendale CA 91206,34.1539818189,-118.22685647700001,0,938206.0,985116.0,891296.0,"791,800",572159.0,2017,1924.0,6885,2029.0,4.0,4.0,2800,
82,20832767,204 W Windsor Rd, Glendale CA 91204,34.136217659699994,-118.256428749,0,1575658.0,1685954.0,1402336.0,"411,400",635186.0,2017,1923.0,7220,4504.0,5.0,4.0,2700,
83,20838625,901 Penshore Terrace, Glendale CA 91207,34.1763390422,-118.24552934200001,0,1326316.0,1405895.0,1260000.0,"1,212,100",841724.0,2017,1973.0,13831,2448.0,4.0,3.0,4500,
84,20854338,420 W Elk Ave, Glendale CA 91204,34.141499124,-118.261692911,0,761199.0,806871.0,723139.0,"411,400",210101.0,2017,1910.0,6233,1127.0,3.0,2.0,2750,
85,20828793,417 Spencer St, Glendale CA 91202,34.1672184037,-118.26322931899999,0,957141.0,1004998.0,909284.0,"474,200",328632.0,2017,1945.0,6367,1858.0,4.0,3.0,3500,
86,20832687,713 S Louise St, Glendale CA 91205,34.138045073600004,-118.25262664899999,0,1066149.0,1151441.0,927550.0,"448,000",66489.0,2017,1920.0,9992,2388.0,7.0,4.0,2250,
87,20827561,652 Robin Glen Dr, Glendale CA 91202,34.177538115,-118.270662065,0,2554668.0,2707948.0,2426935.0,"1,278,200",1652400.0,2017,1977.0,63597,4219.0,4.0,5.0,7233,
88,2109373749,CA-2, Glendale CA,34.165686416,-118.22465073,0,785601.0,1201970.0,542065.0,"452,900",286946.0,2017,1987.0,20084,967.0,2.0,1.0,2400,
89,20819771,1319 Branta Dr, Glendale CA 91208,34.1793601415,-118.238925023,0,1335953.0,1402751.0,1269155.0,"893,900",812862.0,2017,1968.0,15310,2681.0,4.0,3.0,4500,
90,20847872,1604 S Adams St, Glendale CA 91205,34.1272435843,-118.238930291,0,826171.0,875741.0,776601.0,"683,800",58253.0,2017,1960.0,4849,1650.0,4.0,2.0,2500,
91,20835081,CA-2, Glendale CA 91206,34.148075328699996,-118.226356868,0,535754.0,562542.0,508966.0,"438,800",403864.0,2017,1987.0,24762,1133.0,2.0,3.0,2650,
92,20826658,1219 Bruce Ave, Glendale CA 91202,34.1657522673,-118.280258797,0,819542.0,860519.0,778565.0,"792,200",704180.0,2017,1938.0,6942,1432.0,3.0,2.0,3750,
93,20835144,521 Galer Pl, Glendale CA 91206,34.1534766862,-118.23909815299999,0,899720.0,944706.0,845737.0,"438,800",621331.0,2017,1927.0,6364,2024.0,3.0,2.0,3300,
94,20854558,349 W Garfield Ave, Glendale CA 91204,34.1359866705,-118.26003760200001,0,803213.0,843374.0,763052.0,"411,400",379174.0,2017,1912.0,5145,1430.0,3.0,1.0,2675,
95,20849874,900 S Verdugo Rd, Glendale CA 91205,34.1359272317,-118.233243143,0,784945.0,824192.0,745698.0,"510,200",291118.0,2017,1927.0,5549,1408.0,3.0,1.0,3000,
96,20839224,1076 Kildonan Dr, Glendale CA 91207,34.175597923699996,-118.240268416,0,1672206.0,1755816.0,1588596.0,"1,212,100",979241.0,2017,1979.0,11474,3732.0,5.0,4.0,5730,
97,20842582,562 Luton Dr, Glendale CA 91206,34.1541925692,-118.23473957799999,0,807202.0,847562.0,766842.0,"791,800",538003.0,2017,1929.0,7452,1463.0,3.0,1.0,3350,
98,20832162,612 W Milford St, Glendale CA 91203,34.152321620900004,-118.26767056799999,0,600080.0,630084.0,552074.0,"452,900",244074.0,2017,1922.0,6022,892.0,4.0,1.0,2500,
99,20838598,903 Chudleigh Ln, Glendale CA 91207,34.1712670869,-118.243217245,0,1345588.0,1426323.0,1278309.0,"1,212,100",315050.0,2017,1969.0,13358,2470.0,3.0,3.0,4500,
100,20837785,1901 Rimcrest Dr, Glendale CA 91207,34.1740843731,-118.25370071,0,1233803.0,1295493.0,1172113.0,"1,278,200",701097.0,2017,1979.0,7496,2620.0,3.0,3.0,4553,
101,79799493,428 W California Ave, Glendale CA 91203,34.1497089193,-118.262606621,0,504733.0,529970.0,479496.0,"452,900",369803.0,2017,2005.0,13856,1070.0,2.0,3.0,2500,
102,20823162,1420 El Miradero Ave, Glendale CA 91201,34.1774598327,-118.28013966600001,0,927141.0,973498.0,880784.0,"850,900",822812.0,2017,1927.0,6401,1802.0,3.0,2.0,3795,
103,20847577,1505 Wellesley Dr, Glendale CA 91205,34.1275104332,-118.240406473,0,827307.0,868672.0,785942.0,"683,800",27801.0,2017,1925.0,3484,866.0,2.0,1.0,2600,
104,20843514,951 Calle Del Pacifico, Glendale CA 91208,34.1627693146,-118.218287071,0,1435881.0,1579469.0,1349728.0,"929,700",1277000.0,2017,1989.0,10345,2528.0,4.0,3.0,4750,
105,20838613,900 Kilmary Ln, Glendale CA 91207,34.1777431518,-118.244684917,0,1426930.0,1498276.0,1341314.0,"1,212,100",716244.0,2017,1974.0,9840,3066.0,4.0,3.0,5400,
106,20835612,1243 E Wilson Ave, Glendale CA 91206,34.1480870568,-118.237830988,0,4477097.0,4880036.0,3895074.0,"438,800",420410.0,2017,1937.0,18556,6786.0,14.0,11.0,2700,
107,20846678,516 Raleigh St, Glendale CA 91205,34.1378897265,-118.24914393700001,0,1553505.0,1662250.0,1382619.0,"448,000",480872.0,2017,1921.0,7489,3691.0,5.0,5.0,2475,
108,20846826,410 E Windsor Rd, Glendale CA 91205,34.1369812095,-118.25088373700001,0,1141251.0,1255376.0,1049951.0,"448,000",611476.0,2017,1913.0,6844,2725.0,3.0,4.0,2500,
109,20826223,1107 Glenwood Rd, Glendale CA 91202,34.167110545300005,-118.27796529,0,1064566.0,1117794.0,1011338.0,"792,200",777904.0,2017,1925.0,8976,2100.0,5.0,3.0,3500,
110,20819522,2211 Bonita Dr, Glendale CA 91208,34.1800149863,-118.23185682,0,1022745.0,1073882.0,971608.0,"893,900",29711.0,2017,1884.0,14289,1658.0,1.0,2.0,3200,
111,20838810,1620 Lamego Dr, Glendale CA 91207,34.1707658225,-118.23545471700001,0,2110737.0,2216274.0,2005200.0,"1,212,100",1607153.0,2017,1949.0,49789,2950.0,3.0,3.0,6317,
112,20830090,720 Burchett St, Glendale CA 91202,34.1580895113,-118.27206192,0,809380.0,849849.0,768911.0,"720,000",465998.0,2017,1925.0,5967,1517.0,3.0,2.0,3250,
113,20843026,649 Solway St, Glendale CA 91206,34.1581880471,-118.22343614399999,0,858470.0,901393.0,815547.0,"936,400",697119.0,2017,1955.0,8037,1360.0,3.0,2.0,3325,
114,20844037,901 Lorinda Dr, Glendale CA 91206,34.1581103688,-118.231770954,0,966167.0,1014475.0,917859.0,"791,800",395397.0,2017,1957.0,8555,2001.0,3.0,2.5,3500,
115,20829751,545 South St, Glendale CA 91202,34.1629492227,-118.266686272,0,537498.0,564373.0,510623.0,"792,200",459000.0,2017,1987.0,7153,1100.0,2.0,2.5,2700,
116,20819704,1416 Colina Dr, Glendale CA 91208,34.1770326197,-118.234037145,0,1095668.0,1150451.0,1040885.0,"893,900",880220.0,2017,1967.0,13812,1920.0,3.0,2.0,3867,
117,20842481,410 Canyon Dr, Glendale CA 91206,34.1520916267,-118.234421868,0,636553.0,668381.0,598360.0,"791,800",528121.0,2017,1936.0,6708,1470.0,2.0,1.0,3100,
118,20337825,916 Holly St, Inglewood CA 90301,33.9515920969,-118.364235439,0,477816.0,501707.0,453925.0,"415,200",64935.0,2017,1930.0,3899,720.0,2.0,1.0,2350,
119,20333202,223 Stepney St, Inglewood CA 90302,33.9717209127,-118.35451578899999,0,421203.0,442263.0,395931.0,"415,200",355540.0,2017,1923.0,871,768.0,2.0,1.0,2175,
120,20340510,8716 Endsleigh Ave, Inglewood CA 90305,33.959061424,-118.33960681399999,0,422383.0,443502.0,401264.0,"415,200",259001.0,2017,1987.0,70633,1199.0,3.0,2.0,2500,
121,20340283,8808 Penridge Pl, Inglewood CA 90305,33.9564175287,-118.33623145,0,563314.0,591480.0,535148.0,"415,200",295265.0,2017,1986.0,126260,1922.0,3.0,3.0,2850,
122,20324062,216 W 64th Pl, Inglewood CA 90302,33.9800439464,-118.36108130000001,0,816684.0,857518.0,775850.0,"415,200",456062.0,2017,1937.0,6142,2254.0,4.0,3.0,2950,
123,20344376,3746 W 107th St, Inglewood CA 90303,33.9387011314,-118.339070907,0,927684.0,992622.0,844192.0,"415,200",680000.0,2017,1990.0,7834,2878.0,8.0,6.0,2500,
124,51582098,4954 Lennox Blvd, Inglewood CA 90304,33.9376009285,-118.36555941600001,0,810058.0,850561.0,769555.0,"415,200",53913.0,2017,1960.0,9136,2276.0,6.0,2.0,2500,
125,20332696,470 Edgewood St, Inglewood CA 90302,33.9707991843,-118.352393384,0,690799.0,725339.0,656259.0,"415,200",124375.0,2017,1959.0,6545,1840.0,3.0,2.0,2800,
126,2091789210,1 E Regent St, Inglewood CA 90301,33.964714581100004,-118.35505864299999,0,449133.0,543451.0,426676.0,"415,200",281345.0,2017,1955.0,6753,1600.0,3.0,3.0,2550,
127,20347094,10707 Felton Ave, Inglewood CA 90304,33.9389476352,-118.365919166,0,666091.0,699396.0,632786.0,"415,200",363478.0,2017,1949.0,6493,1744.0,3.0,2.0,2900,
128,20329367,2523 W 80th St, Inglewood CA 90305,33.9664436133,-118.321101374,0,584478.0,613702.0,555254.0,"415,200",59738.0,2017,1939.0,6223,1723.0,3.0,2.0,2975,
129,20343717,3428 W 111th St, Inglewood CA 90303,33.9347489508,-118.33282094399999,0,684829.0,719070.0,650588.0,"415,200",228506.0,2017,1915.0,11877,1800.0,4.0,3.0,2200,
130,20331988,525 Hargrave St, Inglewood CA 90302,33.9790909334,-118.351503504,0,829466.0,870939.0,787993.0,"415,200",357306.0,2017,1923.0,6250,2366.0,6.0,4.0,2500,
131,20323996,309 W 64th Pl, Inglewood CA 90302,33.9805364585,-118.36259246,0,612325.0,642941.0,581709.0,"415,200",276765.0,2017,1930.0,6213,1025.0,2.0,1.0,3000,
132,20329133,3012 W 83rd St, Inglewood CA 90305,33.962918353,-118.326078215,0,602695.0,632830.0,572560.0,"415,200",447138.0,2017,1940.0,6250,1490.0,3.0,2.0,2900,
133,20330230,3211 W 81st St, Inglewood CA 90305,33.9656530427,-118.328107898,0,656178.0,688987.0,623369.0,"415,200",600514.0,2017,1961.0,8479,1769.0,3.0,2.0,2895,
134,20340842,8915 S 6th Ave, Inglewood CA 90305,33.9569029745,-118.323268155,0,595474.0,625248.0,565700.0,"415,200",162420.0,2017,1931.0,6750,1513.0,3.0,1.0,2900,
135,20330176,3206 W 82nd St, Inglewood CA 90305,33.964274734,-118.327951285,0,572913.0,601559.0,544267.0,"415,200",202468.0,2017,1940.0,5956,1180.0,2.0,1.0,2750,
136,20334524,5 Pine Ct, Inglewood CA 90302,33.9692253752,-118.36304663799999,0,667626.0,701007.0,634245.0,"415,200",581000.0,2017,1979.0,4991,1520.0,4.0,2.0,2800,
137,20324359,209 E Fairview Blvd, Inglewood CA 90302,33.980027968,-118.35626218799999,0,740066.0,784470.0,703063.0,"415,200",74308.0,2017,1926.0,6510,1948.0,2.0,2.0,2950,
138,20324332,211 E 64th Pl, Inglewood CA 90302,33.9809919839,-118.35648129,0,764690.0,802924.0,726456.0,"415,200",751000.0,2017,1926.0,7229,1628.0,4.0,2.0,2995,
139,20343310,3517 W 108th St, Inglewood CA 90303,33.9379984357,-118.333334296,0,1059078.0,1133213.0,953170.0,"415,200",350821.0,2017,1961.0,8315,5092.0,8.0,7.0,2350,
140,20340161,3609 Kensley Dr, Inglewood CA 90305,33.9569092193,-118.333824153,0,529317.0,555783.0,502851.0,"415,200",296672.0,2017,1986.0,113954,1437.0,3.0,3.0,2700,
141,20337667,715 Walnut St, Inglewood CA 90301,33.9546913693,-118.35665916200001,0,924962.0,998959.0,804717.0,"415,200",618650.0,2017,1952.0,9315,3292.0,6.0,5.0,2500,
142,20344562,3729 W 110th St, Inglewood CA 90303,33.9360210277,-118.338456261,0,794658.0,866177.0,754925.0,"415,200",266281.0,2017,1959.0,9031,2508.0,6.0,3.0,2400,
143,20343166,10509 S 6th Ave, Inglewood CA 90303,33.940604751100004,-118.323157543,0,663503.0,696678.0,630328.0,"415,200",313852.0,2017,1954.0,6881,1852.0,4.0,3.0,3000,
144,20343265,10703 8th Ave, Inglewood CA 90303,33.938948959,-118.32531831200001,0,626799.0,658139.0,595459.0,"415,200",85171.0,2017,1954.0,6674,1805.0,3.0,2.0,3000,
145,20336155,235 W Queen St, Inglewood CA 90301,33.9631272237,-118.35902475200001,0,3073186.0,5255148.0,2458549.0,"415,200",578903.0,2017,1965.0,8995,10072.0,17.0,17.0,3000,
146,20329911,3408 W 85th St, Inglewood CA 90305,33.961444268600005,-118.332276917,0,632553.0,664181.0,600925.0,"415,200",228728.0,2017,1941.0,7011,1583.0,3.0,2.0,2950,
147,20398344,5350 W 119th St, Inglewood CA 90304,33.9252350661,-118.373895121,0,796418.0,836239.0,756597.0,"415,200",284713.0,2017,1940.0,7026,1317.0,4.0,2.0,3200,
148,20353591,3518 W 118th St, Inglewood CA 90303,33.9266943361,-118.33382285399999,0,1063165.0,1126955.0,978112.0,"415,200",265931.0,2017,1966.0,7380,3732.0,6.0,5.0,3000,
149,20338802,911 Larch St, Inglewood CA 90301,33.9522606491,-118.35129621600001,0,670581.0,710816.0,637052.0,"415,200",188714.0,2017,1952.0,5194,1972.0,4.0,2.0,2400,
150,20336153,112 N Eucalyptus Ave, Inglewood CA 90301,33.9633442254,-118.359123327,0,765626.0,803907.0,727345.0,"415,200",185715.0,2017,1948.0,8008,2458.0,3.0,2.0,2500,
151,20336267,632 E Regent St, Inglewood CA 90301,33.964014725300004,-118.345243077,0,528362.0,554780.0,501944.0,"415,200",222438.0,2017,1979.0,2696,1290.0,2.0,1.5,2850,
152,20329066,3005 W 82nd St, Inglewood CA 90305,33.9651304066,-118.325584554,0,575224.0,603985.0,546463.0,"415,200",270915.0,2017,1938.0,5250,1320.0,2.0,2.0,2600,
153,20341500,9718 S 8th Ave, Inglewood CA 90305,33.9474442258,-118.325036952,0,572805.0,601445.0,544165.0,"415,200",243128.0,2017,1942.0,6752,1304.0,3.0,1.0,2700,
154,20333279,133 E Hazel St, Inglewood CA 90302,33.9691665787,-118.355385031,0,672570.0,712924.0,638942.0,"415,200",527000.0,2017,1953.0,4959,1410.0,3.0,3.0,2900,
155,20341272,9316 S 3rd Ave, Inglewood CA 90305,33.9518857279,-118.319916079,0,596646.0,626478.0,566814.0,"415,200",64587.0,2017,1939.0,8514,1410.0,3.0,2.0,2795,
156,20347327,10705 Buford Ave, Inglewood CA 90304,33.9391748118,-118.364269929,0,482218.0,506329.0,458107.0,"415,200",33744.0,2017,1941.0,6498,806.0,2.0,1.0,2495,
157,20339908,8808 S 11th Ave, Inglewood CA 90305,33.9576698232,-118.32836584,0,572065.0,600668.0,543462.0,"415,200",153717.0,2017,1937.0,6651,1396.0,2.0,1.0,2950,
158,20334153,837 Glenway Dr, Inglewood CA 90302,33.9713052871,-118.367248339,0,1089224.0,1187254.0,991194.0,"415,200",581689.0,2017,1957.0,6020,3056.0,5.0,4.0,2795,
159,20341064,9101 S 4th Ave, Inglewood CA 90305,33.9551607972,-118.321276147,0,557500.0,585375.0,529625.0,"415,200",55922.0,2017,1949.0,8505,1321.0,2.0,1.0,2600,
160,20336450,615 Manchester Dr, Inglewood CA 90301,33.9607661454,-118.346954509,0,638143.0,670050.0,606236.0,"415,200",76789.0,2017,1926.0,7292,1660.0,4.0,2.0,2750,
161,20378011,5310 W 64th St, Inglewood CA 90302,33.9822547046,-118.373673974,0,952779.0,1000418.0,905140.0,"415,200",365974.0,2017,1985.0,4963,2437.0,4.0,3.0,3900,
162,20341270,9306 S 3rd Ave, Inglewood CA 90305,33.9523870357,-118.31973544600001,0,518033.0,543935.0,492131.0,"415,200",51074.0,2017,1940.0,8509,969.0,2.0,1.0,2650,
163,20345660,10609 S Freeman Ave, Inglewood CA 90304,33.9396255406,-118.34870392200001,0,452676.0,475310.0,430042.0,"415,200",196081.0,2017,1924.0,4242,1040.0,3.0,1.0,2500,
164,20335875,320 W Regent St, Inglewood CA 90301,33.9641045597,-118.360903105,0,817482.0,858356.0,776608.0,"415,200",119390.0,2017,1942.0,9885,2076.0,4.0,3.0,2300,
165,20331438,923 E Hyde Park Blvd, Inglewood CA 90302,33.9785776631,-118.34241820700001,0,592343.0,621960.0,562726.0,"415,200",350186.0,2017,1923.0,5411,1673.0,4.0,2.0,2500,
166,20343815,11148 Lemoli Ave S, Inglewood CA 90303,33.9335849342,-118.33027091299999,0,554238.0,581950.0,526526.0,"415,200",305482.0,2017,1979.0,5261,1607.0,3.0,2.0,2800,
167,20341522,9829 S 7th Ave, Inglewood CA 90305,33.9456682319,-118.324489815,0,543048.0,570200.0,515896.0,"415,200",52847.0,2017,1942.0,8746,1150.0,3.0,1.0,2700,
168,20684553,3008 Glenridge Ave, Alhambra CA 91801,34.0911178012,-118.156635243,0,756890.0,794734.0,719046.0,"572,600",753336.0,2017,1927.0,6181,1814.0,4.0,1.5,2950,
169,20715159,2240 Hitchcock Dr, Alhambra CA 91803,34.0671079197,-118.14172835,0,683817.0,718008.0,649626.0,"572,600",86029.0,2017,1947.0,6502,1225.0,3.0,1.0,2500,
170,20717413,1801 S 4th St, Alhambra CA 91803,34.073943600599996,-118.1268662,0,728087.0,764491.0,691683.0,"572,600",663000.0,2017,1910.0,7612,1658.0,3.0,1.0,2900,
171,20711947,777 E Valley Blvd, Alhambra CA 91801,34.079473554,-118.115582588,0,428771.0,450210.0,407332.0,"572,600",158768.0,2017,1963.0,474206,1103.0,2.0,2.0,2250,
172,20683490,415 Winthrop Dr, Alhambra CA 91803,34.0870763146,-118.158484322,0,734073.0,770777.0,697369.0,"572,600",310442.0,2017,1932.0,6997,1513.0,3.0,2.0,2700,
173,119679558,428 W Main St, Alhambra CA 91801,34.0925761294,-118.131816926,0,577022.0,605873.0,548171.0,"572,600",424155.0,2017,2012.0,28567,1070.0,2.0,2.0,2500,
174,20716036,1600 Date Ave, Alhambra CA 91803,34.0747389498,-118.14752790700001,0,806696.0,847031.0,766361.0,"572,600",519907.0,2017,1928.0,6619,2146.0,3.0,2.0,2700,
175,20698034,1124 N Story Pl, Alhambra CA 91801,34.1079453807,-118.130385262,0,934567.0,981295.0,887839.0,"572,600",86139.0,2017,1941.0,9369,1413.0,2.0,2.0,3100,
176,20683599,2814 Poplar Blvd, Alhambra CA 91803,34.090813472600004,-118.154727495,0,623934.0,655131.0,592737.0,"572,600",441013.0,2017,1937.0,4677,1208.0,2.0,1.0,2500,
177,20713210,3005 Glenaven Ave, Alhambra CA 91803,34.072209322199996,-118.157113164,0,704297.0,739512.0,669082.0,"572,600",324449.0,2017,1935.0,7976,1440.0,2.0,1.0,2750,
178,20683447,2201 W Commonwealth Ave, Alhambra CA 91803,34.088170959,-118.146863812,0,769879.0,808373.0,731385.0,"572,600",539932.0,2017,1930.0,6704,2028.0,3.0,2.0,2950,
179,20705745,513 N El Molino St, Alhambra CA 91801,34.1050702235,-118.11902593200001,0,863162.0,906320.0,820004.0,"572,600",647230.0,2017,1938.0,7884,1466.0,3.0,1.5,3100,
180,20698073,1121 N Monterey St, Alhambra CA 91801,34.1062335803,-118.13255154299999,0,2488475.0,2637784.0,2164973.0,"572,600",554378.0,2017,1937.0,6083,3757.0,3.0,4.0,5194,
181,20717621,1423 S Almansor St, Alhambra CA 91801,34.0779191699,-118.116959495,0,780995.0,820045.0,741945.0,"572,600",362761.0,2017,1951.0,8405,1892.0,4.0,3.0,2225,
182,20709037,105 E Beacon St, Alhambra CA 91801,34.0920092449,-118.123027367,0,575805.0,604595.0,547015.0,"572,600",457980.0,2017,1989.0,13241,1350.0,3.0,3.0,2500,
183,20708916,412 S 2nd St, Alhambra CA 91801,34.0898075482,-118.125579427,0,1064542.0,1117769.0,1011315.0,"572,600",532468.0,2017,1996.0,7499,2861.0,4.0,4.0,3500,
184,20709314,529 E Mission Rd, Alhambra CA 91801,34.0922493598,-118.112439011,0,557161.0,585019.0,529303.0,"572,600",194909.0,2017,1980.0,871,1610.0,3.0,3.0,2460,
185,20716464,1600 S Campbell Ave, Alhambra CA 91803,34.074777786,-118.142733854,0,796711.0,836547.0,756875.0,"572,600",178129.0,2017,1965.0,7907,2040.0,3.0,2.0,2800,
186,20697444,612 N Atlantic Blvd, Alhambra CA 91801,34.0992953155,-118.13431391,0,680295.0,714310.0,625871.0,"572,600",36070.0,2017,1922.0,3924,1032.0,3.0,1.0,2500,
187,20684184,2920 Concord Ave, Alhambra CA 91803,34.0841679001,-118.15526595,0,703671.0,738855.0,668487.0,"572,600",230286.0,2017,1955.0,8443,1496.0,4.0,2.0,2395,
188,20684535,210 Hampden Terrace, Alhambra CA 91801,34.0898666822,-118.158420226,0,674415.0,708136.0,640694.0,"572,600",205360.0,2017,1952.0,5668,1193.0,3.0,2.0,2600,
189,20713407,1711 La Golondrina Ave, Alhambra CA 91803,34.0733266536,-118.153092909,0,707809.0,743199.0,672419.0,"572,600",280750.0,2017,1935.0,7309,1497.0,2.0,1.0,2800,
190,20717568,1432 S Chapel Ave, Alhambra CA 91801,34.0774344426,-118.119714344,0,963024.0,1030436.0,914873.0,"572,600",450229.0,2017,1948.0,9748,2649.0,4.0,4.0,2500,
191,20697648,700 N Marguerita Ave, Alhambra CA 91801,34.100046306399996,-118.137676758,0,820846.0,861888.0,771595.0,"572,600",616000.0,2017,1912.0,6500,1672.0,3.0,1.0,3200,
192,20710778,219 E San Marino Ave, Alhambra CA 91801,34.083078060700004,-118.120040158,0,800789.0,840828.0,760750.0,"572,600",646825.0,2017,1935.0,7694,1781.0,3.0,2.0,2900,
193,20712483,1224 Benito Ave, Alhambra CA 91803,34.0783150122,-118.13960043600001,0,655976.0,688775.0,623177.0,"572,600",162595.0,2017,1927.0,5603,1443.0,3.0,2.0,2395,
194,20717884,1705 S Vega St, Alhambra CA 91801,34.0749991889,-118.111437701,0,770995.0,809545.0,732445.0,"572,600",380065.0,2017,1947.0,6259,1937.0,4.0,3.0,2495,
195,20706104,337 N Story Pl, Alhambra CA 91801,34.101275189,-118.124839186,0,1255996.0,1356476.0,1193196.0,"572,600",538802.0,2017,1925.0,15690,2573.0,3.0,2.0,3694,
196,20709752,1002 E Beacon St, Alhambra CA 91801,34.0951971962,-118.114624172,0,712427.0,748048.0,676806.0,"572,600",237380.0,2017,1925.0,6954,1412.0,2.0,2.0,2150,
197,20716342,1723 S Raymond Ave, Alhambra CA 91803,34.073051869000004,-118.145651376,0,677864.0,711757.0,643971.0,"572,600",139975.0,2017,1936.0,6600,1228.0,2.0,1.0,2500,
198,20660995,2012 S Monterey St, Alhambra CA 91801,34.0709387443,-118.120443901,0,780057.0,819060.0,741054.0,"572,600",252311.0,2017,1936.0,6521,1807.0,3.0,2.0,2800,
199,20716476,1517 S Marengo Ave, Alhambra CA 91803,34.0755052827,-118.142236703,0,786921.0,826267.0,747575.0,"572,600",263635.0,2017,1925.0,11146,1811.0,3.0,3.0,2500,
200,20721601,1-3 Halsted Cir, Alhambra CA 91801,34.103827441199996,-118.11595189100001,0,956514.0,1004340.0,908688.0,"572,600",100115.0,2017,1951.0,7713,1901.0,3.0,2.0,3000,
201,20711304,1138 Geranio Dr, Alhambra CA 91801,34.081403553200005,-118.109267808,0,612615.0,643246.0,575858.0,"572,600",323581.0,2017,1948.0,5812,1212.0,3.0,1.0,2500,
202,20706242,423 N Garfield Ave, Alhambra CA 91801,34.0996785934,-118.13062827799999,0,1157767.0,1250388.0,1099879.0,"572,600",401178.0,2017,1948.0,7726,2701.0,2.0,3.0,2395,
203,20718221,1805 S Sierra Vista Ave, Alhambra CA 91801,34.0738136727,-118.11851776600001,0,674468.0,708191.0,640745.0,"572,600",580000.0,2017,1928.0,7505,1198.0,3.0,2.0,2600,
204,20697762,617 N Dos Robles Pl, Alhambra CA 91801,34.0989282314,-118.139039924,0,697495.0,732370.0,662620.0,"572,600",358044.0,2017,1925.0,5793,1076.0,3.0,2.0,2600,
205,20710309,14 S Chapel Ave, Alhambra CA 91801,34.096615756599995,-118.121821016,0,462159.0,485267.0,439051.0,"572,600",372000.0,2017,1972.0,27002,1074.0,3.0,2.0,2399,
206,20706501,113 N Almansor St, Alhambra CA 91801,34.0991986993,-118.12284565200001,0,579410.0,608380.0,550440.0,"572,600",487877.0,2017,1968.0,84195,1672.0,3.0,3.0,2600,
207,20717406,1837 S 4th St, Alhambra CA 91803,34.072617347800005,-118.12701742899999,0,1161646.0,1242961.0,1068714.0,"572,600",845122.0,2017,1988.0,7644,3728.0,4.0,6.0,2840,
208,20711311,1125 S New Ave, Alhambra CA 91801,34.0861246295,-118.108986281,0,628956.0,660404.0,597508.0,"572,600",208606.0,2017,1948.0,6494,1177.0,3.0,1.0,2500,
209,20717487,1828 S 2nd St, Alhambra CA 91801,34.0729302135,-118.123944208,0,659286.0,692250.0,626322.0,"572,600",317026.0,2017,1923.0,7826,1344.0,3.0,1.0,2500,
210,20683598,301 Orange Grove Ave, Alhambra CA 91803,34.089991495,-118.15526626299999,0,937516.0,993767.0,890640.0,"572,600",416639.0,2017,1942.0,9602,2713.0,3.0,3.0,3600,
211,20712555,1416 Front St, Alhambra CA 91803,34.0821153604,-118.13897511799999,0,714965.0,750713.0,679217.0,"572,600",482661.0,2017,1990.0,3049,2101.0,3.0,3.0,3000,
212,20661425,415 E Hellman Ave, Alhambra CA 91801,34.0701797593,-118.117504218,0,770461.0,808984.0,731938.0,"572,600",479514.0,2017,1946.0,8134,1875.0,4.0,3.0,2750,
213,20713235,3009 Midwick Dr, Alhambra CA 91803,34.071485588899996,-118.15831426700001,0,714816.0,750557.0,679075.0,"572,600",239406.0,2017,1940.0,7800,1462.0,2.0,2.0,2700,
214,20716789,1412 S Olive Ave, Alhambra CA 91803,34.0766182177,-118.135350744,0,777576.0,816455.0,738697.0,"572,600",429253.0,2017,1937.0,6820,1814.0,2.0,2.0,2500,
215,20711377,1105 Geranio Dr, Alhambra CA 91801,34.0827839226,-118.10977232399999,0,624291.0,655506.0,593076.0,"572,600",447994.0,2017,1948.0,6006,1408.0,3.0,2.0,2500,
216,20707428,319 N Palm Ave, Alhambra CA 91801,34.0958562067,-118.146645759,0,638839.0,677169.0,600509.0,"572,600",434931.0,2017,1925.0,4051,1327.0,2.0,2.0,2500,
217,121231226,1681 Acacia St, Alhambra CA 91801,34.0898518719,-118.141277594,0,713584.0,749263.0,677905.0,"572,600",659095.0,2017,2014.0,27180,1670.0,3.0,3.0,3300,
218,21233946,817 Cherry Ave, Long Beach CA 90813,33.777547275799996,-118.167895025,0,1065030.0,1139582.0,979828.0,"315,000",650328.0,2017,1923.0,6486,3390.0,8.0,5.0,2350,
219,21226395,2900 E 7th St, Long Beach CA 90804,33.7750340596,-118.157857099,0,866350.0,918331.0,814369.0,"534,700",609730.0,2017,1908.0,7251,2072.0,5.0,2.0,3000,
220,21226329,625 Coronado Ave, Long Beach CA 90814,33.7740962275,-118.153820056,0,1040267.0,1102683.0,936240.0,"534,700",390751.0,2017,1911.0,6751,2696.0,6.0,4.0,2300,
221,21194495,2435 Pine Ave, Long Beach CA 90806,33.8015193788,-118.192752274,0,532704.0,559339.0,506069.0,"474,200",290466.0,2017,1938.0,4991,1356.0,2.0,1.0,2500,
222,2146964408,646 Nebraska Ave, Long Beach CA 90802,33.775096615,-118.173233348,0,349983.0,370982.0,293986.0,"315,000",239000.0,2017,1986.0,6743,892.0,2.0,2.0,2295,
223,21285056,2543 Fashion Ave, Long Beach CA 90812,33.803773556799996,-118.209047578,0,505077.0,530331.0,479823.0,"393,800",206354.0,2017,1929.0,5228,1725.0,4.0,2.0,2600,
224,21148805,E Rd, Long Beach CA 90810,33.797239970700005,-118.225762761,0,484625.0,508856.0,460394.0,"391,700",445000.0,2017,1942.0,5200,1246.0,2.0,2.0,2250,
225,21230235,3401 E First St, Long Beach CA 90803,33.762547799400004,-118.152012508,0,650295.0,682810.0,617780.0,"725,800",402269.0,2017,1966.0,5516,1459.0,2.0,2.0,2700,
226,21192471,2371 Magnolia Ave, Long Beach CA 90806,33.7999738487,-118.1985587,0,740869.0,777912.0,703826.0,"474,200",407311.0,2017,1941.0,7119,2712.0,4.0,3.0,2200,
227,21235386,422 E 14th St, Long Beach CA 90813,33.783478834499995,-118.18736416700001,0,622363.0,653481.0,591245.0,"397,200",198631.0,2017,1914.0,2252,2298.0,4.0,2.0,2450,
228,21284962,2534 Adriatic Ave, Long Beach CA 90810,33.8032565546,-118.21430423,0,523813.0,550004.0,497622.0,"393,800",189760.0,2017,1960.0,5097,1806.0,5.0,2.0,2150,
229,21192935,1936 Maine Ave, Long Beach CA 90806,33.7924990346,-118.200197854,0,531982.0,558581.0,505383.0,"474,200",362443.0,2017,1937.0,6969,1164.0,3.0,1.0,2400,
230,21248206,1810 W Wilma Pl, Long Beach CA 90810,33.8047892098,-118.21718371700001,0,514860.0,540603.0,489117.0,"393,800",330381.0,2017,1942.0,6601,1498.0,2.0,2.0,2500,
231,21229342,1 Junipero Ave, Long Beach CA 90803,33.7634823601,-118.166723154,0,488919.0,513365.0,464473.0,"481,600",450000.0,2017,1967.0,13271,1208.0,2.0,2.0,2500,
232,2128664093,500 Orange Ave, Long Beach CA 90802,33.7727115069,-118.176323813,0,486709.0,671658.0,369899.0,"315,000",407311.0,2017,1941.0,7119,575.0,1.0,1.0,2495,
233,21237255,855 Lime Ave, Long Beach CA 90813,33.777528797399995,-118.18383971600001,0,510957.0,536505.0,485409.0,"288,800",86434.0,2017,1918.0,5002,1550.0,3.0,2.0,2500,
234,21195445,2680 Cedar Ave, Long Beach CA 90806,33.8059619274,-118.194436472,0,547232.0,574594.0,519870.0,"474,200",375030.0,2017,1941.0,6000,1266.0,2.0,1.5,2600,
235,21225816,265 Loma Ave, Long Beach CA 90803,33.7673910118,-118.150717093,0,1449250.0,1521712.0,1376788.0,"725,800",515998.0,2017,1976.0,6075,3100.0,6.0,5.0,2300,
236,21225251,374 Redondo Ave, Long Beach CA 90814,33.7708942821,-118.152182989,0,1361631.0,1470561.0,1293549.0,"725,800",116355.0,2017,1935.0,12501,3234.0,8.0,3.0,2600,
237,21228852,508 Cherry Ave, Long Beach CA 90802,33.7736990204,-118.167190233,0,670192.0,703702.0,636682.0,"534,700",144664.0,2017,1912.0,5190,976.0,2.0,1.0,2350,
238,21226468,3211 E Wilton St, Long Beach CA 90804,33.787864679,-118.15418556899999,0,1152661.0,1279454.0,1048922.0,"334,100",649354.0,2017,1966.0,6751,4191.0,9.0,5.0,2250,
239,21230492,2625 E Ocean Blvd, Long Beach CA 90803,33.763281255,-118.161712869,0,3200442.0,3584495.0,2976411.0,"512,800",2582243.0,2017,1930.0,10999,7100.0,6.0,6.0,5800,
240,21192620,1925 San Francisco Ave, Long Beach CA 90806,33.7922221448,-118.20370329,0,552561.0,580189.0,524933.0,"474,200",184848.0,2017,1947.0,6359,1700.0,5.0,3.0,2700,
241,21233150,437 Zona Ct, Long Beach CA 90802,33.772470287,-118.180722966,0,501660.0,526743.0,456511.0,"315,000",72602.0,2017,1919.0,3765,1236.0,3.0,2.0,2400,
242,21225633,2844 E 3rd St, Long Beach CA 90814,33.7678810785,-118.15789986600001,0,358388.0,376307.0,340469.0,"481,600",304470.0,2017,1972.0,15000,808.0,1.0,1.0,2095,
243,21229342,1 Junipero Ave, Long Beach CA 90803,33.7628920585,-118.164982076,0,488919.0,513365.0,464473.0,"481,600",450000.0,2017,1967.0,13271,1208.0,2.0,2.0,2500,
244,2130922456,1626 Obispo Ave, Long Beach CA 90804,33.787162295,-118.15412483700001,0,341515.0,375666.0,297118.0,"334,100",150432.0,2017,1925.0,6098,900.0,2.0,1.0,2200,
245,21195087,3041 Cedar Ave, Long Beach CA 90806,33.812505176100004,-118.19495098899999,0,509191.0,534651.0,483731.0,"474,200",422636.0,2017,1917.0,5401,1129.0,3.0,1.0,2526,
246,21196843,930 E Dayman St, Long Beach CA 90806,33.7905563567,-118.18104029700001,0,442894.0,465039.0,420749.0,"397,200",293904.0,2017,1915.0,5837,1068.0,3.0,2.0,2300,
247,21226851,3116 E 15th St, Long Beach CA 90804,33.7859055089,-118.155197747,0,778829.0,817770.0,739888.0,"334,100",673776.0,2017,1921.0,6534,2464.0,7.0,0.5,2800,
248,21197028,2014 Lewis Ave, Long Beach CA 90806,33.7938797106,-118.179158421,0,696146.0,751838.0,640454.0,"397,200",600363.0,2017,1912.0,6516,2783.0,8.0,4.0,2100,
249,21235696,718 N Loma Vista Dr, Long Beach CA 90813,33.7759835018,-118.20138862,0,641030.0,673081.0,608979.0,"322,000",331169.0,2017,1919.0,7992,1990.0,5.0,3.0,2250,
250,21197277,1341 E Wesley Dr, Long Beach CA 90806,33.7949878271,-118.17418933399999,0,424334.0,445551.0,403117.0,"397,200",209954.0,2017,1919.0,6590,784.0,2.0,1.0,2350,
251,21196925,1084 E 19th St, Long Beach CA 90806,33.7910835904,-118.17891330399999,0,686507.0,720832.0,652182.0,"397,200",79782.0,2017,1962.0,2494,2100.0,4.0,4.0,2300,
252,21195113,3027 Pacific Avenue, Long Beach CA 90806,33.8121903541,-118.193935154,0,497602.0,522482.0,472722.0,"474,200",155733.0,2017,1952.0,4557,980.0,3.0,2.0,2400,
253,21191866,2756 Maine Ave, Long Beach CA 90806,33.8072951097,-118.200048004,0,692845.0,727487.0,658203.0,"474,200",339651.0,2017,1938.0,4915,2448.0,4.0,3.0,2800,
254,21225119,372 Temple Ave, Long Beach CA 90814,33.7714746851,-118.158937327,0,777760.0,816648.0,738872.0,"481,600",562989.0,2017,1940.0,6747,1300.0,3.0,2.0,2845,
255,69120033,110, 245 Pine Ave Long Beach,33.7698668042,-118.192504079,0,179702.0,188687.0,170717.0,"175,900",156560.0,2017,2002.0,7405,1631.0,3.0,3.0,1500,
256,21226074,2828 E 10th St, Long Beach CA 90804,33.7787547081,-118.158245749,0,507826.0,533217.0,482435.0,"534,700",183183.0,2017,1908.0,2800,1150.0,2.0,2.0,2400,
257,21236612,628 Daisy Ave, Long Beach CA 90802,33.7751417977,-118.19920043799999,0,316060.0,331863.0,300257.0,"303,200",132106.0,2017,1984.0,915,827.0,2.0,1.0,2100,
258,21196040,2143 Pasadena Ave, Long Beach CA 90806,33.796107357,-118.187419014,0,460996.0,484046.0,437946.0,"397,200",251971.0,2017,1907.0,7405,1162.0,3.0,2.0,2400,
259,21231891,1139 E Ocean Blvd, Long Beach CA 90802,33.7659243776,-118.17804591299999,0,413853.0,434546.0,393160.0,"523,600",310673.0,2017,1959.0,435,1104.0,2.0,2.0,2395,
260,21229342,1 Junipero Ave, Long Beach CA 90803,33.7592608186,-118.164419458,0,488919.0,513365.0,464473.0,"481,600",450000.0,2017,1967.0,13271,1208.0,2.0,2.0,2500,
261,21228451,1099 St Louis Ave, Long Beach CA 90804,33.7805929509,-118.16699251700001,0,360189.0,378198.0,342180.0,"352,900",330000.0,2017,1922.0,1632,700.0,1.0,1.0,1995,
262,21285437,2370 Fashion Ave, Long Beach CA 90810,33.8002564656,-118.20872248799999,0,440881.0,462925.0,418837.0,"393,800",99089.0,2017,1942.0,5119,1098.0,3.0,1.0,2250,
263,21192636,1935a Golden Ave, Long Beach CA 90806,33.7926248076,-118.202443434,0,554975.0,582724.0,527226.0,"474,200",168300.0,2017,1931.0,6591,1156.0,2.0,2.0,2300,
264,21191988,2676 San Francisco Ave, Long Beach CA 90806,33.805774466799996,-118.203336759,0,573616.0,602297.0,544935.0,"474,200",189701.0,2017,1941.0,6519,1578.0,3.0,2.0,2650,
265,21229342,1 Junipero Ave, Long Beach CA 90803,33.756020979,-118.17166274700001,0,488919.0,513365.0,464473.0,"481,600",450000.0,2017,1967.0,13271,1208.0,2.0,2.0,2500,
266,111372468,905 Atlantic Ave, Long Beach CA 90813,33.7780437645,-118.185225672,0,315035.0,333937.0,299283.0,"288,800",238263.0,2017,1958.0,22564,730.0,2.0,1.0,1800,
267,21233828,1077 Gaviota Ave, Long Beach CA 90813,33.7804343217,-118.17134391,0,712123.0,747729.0,676517.0,"315,000",421634.0,2017,1930.0,6114,2296.0,5.0,3.0,2100,
268,21235693,739 Maine Ave, Long Beach CA 90813,33.7761096724,-118.201135666,0,823426.0,872832.0,741083.0,"322,000",152995.0,2017,1931.0,6707,3163.0,8.0,4.0,2300,
269,21228196,1436B Cherry Ave, Long Beach CA 90813,33.7856065867,-118.167523337,0,348453.0,365876.0,313608.0,"334,100",97080.0,2017,1923.0,1440,520.0,1.0,1.0,1795,
270,21154476,E Rd, Long Beach CA 90810,33.795444286,-118.225509195,0,314012.0,329713.0,282611.0,"391,700",202127.0,2017,1949.0,2278,441.0,1.0,0.75,2200,
271,21196908,1865 Lewis Ave, Long Beach CA 90806,33.7907499699,-118.179889317,0,485100.0,509355.0,460845.0,"397,200",413000.0,2017,1990.0,2601,1424.0,3.0,3.0,2750,
272,2109184731,416 Maine Ave, Long Beach CA 90802,33.7720010847,-118.20037365799999,0,447312.0,563613.0,375742.0,"303,200",216376.0,2017,1991.0,54306,1025.0,2.0,2.0,2300,
273,21248278,2640 Santa Fe Ave, Long Beach CA 90810,33.8054323385,-118.215228545,0,670827.0,704368.0,637286.0,"393,800",650000.0,2017,1942.0,7954,2562.0,4.0,4.0,2460,
274,20627590,152 N Park View St, Los Angeles CA 90026,34.0695198849,-118.272726428,0,729218.0,765679.0,692757.0,"494,000",165077.0,2017,1913.0,7993,1135.0,2.0,1.0,2800,
275,20744068,2518 Berkeley Ave, Los Angeles CA 90026,34.085334358400004,-118.26515622,0,936917.0,983763.0,861964.0,"910,300",42810.0,2017,1921.0,6706,856.0,3.0,2.0,2500,
276,20743882,1890 Silver Lake Blvd, Los Angeles CA 90026,34.0916068335,-118.264219076,0,860411.0,903432.0,817390.0,"910,300",994165.0,2017,1991.0,6906,1400.0,2.0,2.0,3400,
277,20744507,2225 Montana St, Los Angeles CA 90026,34.0821147797,-118.264322314,0,1348463.0,1483309.0,1254071.0,"910,300",116738.0,2017,1905.0,3988,3316.0,6.0,4.0,2600,
278,20742926,2012 Valentine St, Los Angeles CA 90026,34.0878383002,-118.248900103,0,913231.0,1013686.0,840173.0,"737,100",216112.0,2017,1930.0,7478,1144.0,2.0,2.0,2500,
279,20631208,145 S Dacotah St, Los Angeles CA 90063,34.0384480692,-118.201005024,0,442249.0,464361.0,420137.0,"379,500",260517.0,2017,1911.0,3028,1279.0,3.0,2.0,2250,
280,20630943,2822 Cincinnati St, Los Angeles CA 90033,34.044764051,-118.20115506200001,0,449982.0,472481.0,427483.0,"379,500",191096.0,2017,1921.0,5940,888.0,3.0,1.0,2400,
281,20632357,212 S Chicago St, Los Angeles CA 90033,34.0432527595,-118.21312506700001,0,363683.0,392778.0,341862.0,"379,500",193482.0,2017,1909.0,1829,792.0,1.0,1.0,2300,
282,20629337,415 N Soto St, Los Angeles CA 90033,34.0482505091,-118.207359256,0,490169.0,524481.0,465661.0,"379,500",108858.0,2017,1910.0,5877,1308.0,3.0,1.0,2250,
283,20740124,1421 Carroll Ave, Los Angeles CA 90026,34.0702228423,-118.25560482200001,0,1331564.0,1464720.0,1251670.0,"737,100",371751.0,2017,1916.0,7493,3386.0,8.0,4.0,2600,
284,20637489,2434 Johnston St, Los Angeles CA 90031,34.074630024,-118.20978666100001,0,700260.0,735273.0,665247.0,"444,000",243320.0,2017,1917.0,10732,2737.0,4.0,2.0,2500,
285,65242578,1504 E 20th St, Los Angeles CA 90011,34.0199370634,-118.24646582,0,514923.0,540669.0,489177.0,"358,800",275722.0,2017,1994.0,5595,2000.0,4.0,2.0,2500,
286,20740340,720 E Edgeware Rd, Los Angeles CA 90026,34.068473327,-118.252736776,0,1025722.0,1097523.0,943664.0,"737,100",585269.0,2017,1926.0,8600,1802.0,2.0,2.0,2600,
287,79805178,620 W 6th St, Los Angeles CA 90017,34.0487284652,-118.256237214,0,456991.0,479841.0,434141.0,"494,600",227271.0,2017,1962.0,26607,700.0,1.0,1.0,2300,
288,20742249,2007 Lake Shore Ave, Los Angeles CA 90039,34.0897216428,-118.255029461,0,1133404.0,1224076.0,1076734.0,"737,100",582507.0,2017,1998.0,7492,1444.0,3.0,2.5,3700,
289,20629575,1944 Sheridan St, Los Angeles CA 90033,34.0524832614,-118.212001486,0,526889.0,553233.0,500545.0,"379,500",344670.0,2017,1924.0,4393,1696.0,3.0,3.0,2250,
290,20626582,435 S Lafayette Park Pl, Los Angeles CA 90057,34.065047306,-118.282798891,0,568098.0,596503.0,539693.0,"494,000",453900.0,2017,1981.0,47044,1428.0,2.0,2.0,2650,
291,20628710,156 S Pecan St, Los Angeles CA 90033,34.0454819084,-118.221879234,0,508217.0,538710.0,477724.0,"622,900",154511.0,2017,1900.0,3398,1665.0,2.0,1.0,2400,
292,20629823,2450 Marengo St, Los Angeles CA 90033,34.0538526478,-118.20172967100001,0,692157.0,747530.0,657549.0,"379,500",305097.0,2017,1922.0,8721,2288.0,6.0,4.0,2400,
293,20741715,1719 Echo Park Ave, Los Angeles CA 90026,34.084074288400004,-118.254300315,0,893225.0,964683.0,848564.0,"737,100",205006.0,2017,1911.0,5613,894.0,2.0,1.0,2850,
294,20624118,1326 Venice Blvd, Los Angeles CA 90006,34.0430406857,-118.282949179,0,561215.0,600500.0,505094.0,"387,200",121817.0,2017,1895.0,5705,1046.0,2.0,1.0,2600,
295,20629892,1060 N Fickett St, Los Angeles CA 90033,34.0534639898,-118.200621231,0,756611.0,809574.0,688516.0,"379,500",434863.0,2017,1926.0,5723,3626.0,4.0,4.0,2550,
296,20739794,1141 Laveta Terrace, Los Angeles CA 90026,34.0750861844,-118.25666642,0,1113175.0,1213361.0,1046384.0,"737,100",196836.0,2017,1919.0,7041,1838.0,4.0,4.0,3542,
297,20633899,3051 Oregon St, Los Angeles CA 90023,34.030946456799995,-118.205183222,0,568319.0,596735.0,534220.0,"379,500",273657.0,2017,1905.0,6524,1854.0,5.0,3.0,2500,
298,20628875,656 Judson St, Los Angeles CA 90033,34.0531819777,-118.216294789,0,607859.0,644331.0,577466.0,"379,500",235307.0,2017,1895.0,6502,2060.0,4.0,2.0,2450,
299,20628070,1627 Cortez St, Los Angeles CA 90026,34.0675664654,-118.26172467,0,664682.0,711210.0,624801.0,"494,000",95850.0,2017,1908.0,3254,804.0,1.0,1.0,2495,
300,20626439,325 S Reno St, Los Angeles CA 90057,34.0676641569,-118.28402319,0,970338.0,1028558.0,921821.0,"494,000",79478.0,2017,1904.0,5043,2483.0,3.0,3.0,3505,
301,20621827,450 E 31st St, Los Angeles CA 90011,34.0185952623,-118.26612364399999,0,407910.0,428305.0,387515.0,"358,800",205342.0,2017,1903.0,3468,1198.0,2.0,1.0,2500,
302,20633222,2900 Guirado St, Los Angeles CA 90023,34.0325290285,-118.207454089,0,461286.0,484350.0,438222.0,"379,500",56645.0,2017,1908.0,6621,1634.0,3.0,2.0,2250,
303,20633046,642 S Soto St, Los Angeles CA 90023,34.0362329369,-118.214121949,0,640222.0,672233.0,608211.0,"379,500",192497.0,2017,1924.0,5002,2100.0,4.0,3.0,2395,
304,20619298,1150 E 40th Pl, Los Angeles CA 90011,34.0099122367,-118.255346604,0,577019.0,605870.0,548168.0,"358,800",231543.0,2017,1951.0,5458,2279.0,7.0,4.0,2400,
305,20626663,420 S Lafayette Park Pl, Los Angeles CA 90057,34.0648847322,-118.281174004,0,317747.0,333634.0,301860.0,"494,000",125209.0,2017,1971.0,43251,715.0,1.0,1.0,1960,
306,20624152,1707 S Burlington Ave, Los Angeles CA 90006,34.0412996934,-118.28216736200001,0,837995.0,896655.0,787715.0,"387,200",83562.0,2017,1890.0,7861,3176.0,5.0,3.0,2600,
307,20739000,2512 Marathon St, Los Angeles CA 90026,34.0781158633,-118.270655139,0,1413856.0,1625934.0,1329025.0,"910,300",103039.0,2017,1920.0,7332,3488.0,7.0,4.0,2500,
308,20636228,2124 Manitou Ave, Los Angeles CA 90031,34.0716477921,-118.217038262,0,601156.0,631214.0,571098.0,"444,000",93953.0,2017,1926.0,5999,1719.0,4.0,2.0,3095,
309,20624044,917 E Adams Blvd, Los Angeles CA 90011,34.0196679121,-118.25685122899999,0,489061.0,513514.0,454827.0,"358,800",385883.0,2017,1903.0,7506,1984.0,4.0,2.0,2400,
310,20744229,2815 Reservoir St, Los Angeles CA 90026,34.0828404881,-118.270780352,0,1028966.0,1100994.0,977518.0,"910,300",279725.0,2017,1925.0,2674,1440.0,3.0,2.0,3200,
311,20741399,2215 Park Dr, Los Angeles CA 90026,34.0887464725,-118.24448382899999,0,609718.0,646301.0,560941.0,"737,100",270143.0,2017,1941.0,9815,610.0,1.0,1.0,2795,
312,20635764,1148 N Cummings St, Los Angeles CA 90033,34.0576366967,-118.20621332700001,0,556001.0,583801.0,528201.0,"444,000",126000.0,2017,1949.0,6336,1498.0,2.0,2.0,2300,
313,20624520,1034 Albany St, Los Angeles CA 90015,34.0468549246,-118.271552545,0,859081.0,910626.0,816127.0,"387,200",230875.0,2017,1930.0,8238,1956.0,4.0,3.0,2395,
314,20632074,2725 Michigan Ave, Los Angeles CA 90033,34.043448696,-118.20409581700001,0,590410.0,619930.0,560890.0,"379,500",54668.0,2017,1965.0,5399,1866.0,4.0,3.0,2200,
315,20635973,2647 Chelsea St, Los Angeles CA 90033,34.056290995,-118.199058419,0,804114.0,844320.0,739785.0,"446,600",416511.0,2017,1964.0,6890,3314.0,8.0,4.0,2500,
316,20638362,2249 Hancock St, Los Angeles CA 90031,34.0716477196,-118.20940912799999,0,577997.0,612677.0,549097.0,"444,000",61142.0,2017,1900.0,5940,1502.0,3.0,2.0,2500,
317,20744383,1301 N Coronado St, Los Angeles CA 90026,34.0815864008,-118.267999865,0,867869.0,937299.0,824476.0,"910,300",366577.0,2017,1922.0,3984,935.0,2.0,1.0,3000,
318,20628383,111 N Central Ave, Los Angeles CA 90012,34.0493713412,-118.239170126,0,600979.0,631028.0,570930.0,"494,600",217498.0,2017,1985.0,87054,1063.0,2.0,2.0,2450,
319,20621832,435 E 32nd St, Los Angeles CA 90011,34.0183986086,-118.26739437799999,0,477710.0,501595.0,453825.0,"358,800",221851.0,2017,1908.0,5930,1604.0,3.0,2.0,2300,
320,20743900,1701 Apex Ave, Los Angeles CA 90026,34.0876477133,-118.26272625700001,0,1715672.0,1904396.0,1509791.0,"910,300",623051.0,2017,1983.0,32245,3687.0,5.0,4.0,6307,
321,20745020,1408 Westerly Terrace, Los Angeles CA 90026,34.084801806,-118.271917216,0,1238904.0,1300849.0,1164570.0,"910,300",282831.0,2017,1927.0,4907,1938.0,3.0,3.0,3200,
322,20636608,142 N Ave 25, Los Angeles CA 90031,34.0774741104,-118.21706195200001,0,561067.0,589120.0,533014.0,"444,000",177742.0,2017,1898.0,4586,1170.0,3.0,2.0,2350,
323,20628081,1522 W Temple St, Los Angeles CA 90026,34.067592125,-118.25989525700001,0,988063.0,1057227.0,928779.0,"494,000",307358.0,2017,1910.0,4356,2470.0,4.0,3.0,2500,
324,20739172,1011 Coronado Terrace, Los Angeles CA 90026,34.078229958499996,-118.26904967799999,0,1067327.0,1163386.0,992614.0,"910,300",358051.0,2017,1914.0,7499,1760.0,2.0,2.0,2650,
325,20632721,2741 Eagle St, Los Angeles CA 90033,34.0376666801,-118.207128557,0,437601.0,459481.0,415721.0,"379,500",88104.0,2017,1956.0,4800,1068.0,3.0,2.0,2400,
326,20636522,140 W Ave 30, Los Angeles CA 90031,34.080835679699995,-118.21595249299999,0,696596.0,745358.0,640868.0,"444,000",306766.0,2017,1905.0,5352,2045.0,7.0,4.0,2500,
327,20625663,217 W 1st St, Los Angeles CA 90012,34.0539460337,-118.244365928,0,596510.0,626335.0,566685.0,"494,600",206653.0,2017,1982.0,123889,1243.0,2.0,2.0,2600,
328,20631785,2407 E 2nd St, Los Angeles CA 90033,34.0421094221,-118.21028794700001,0,389111.0,412458.0,357982.0,"379,500",94271.0,2017,1910.0,1750,942.0,2.0,1.0,2250,
329,20743956,1844 Silverwood Terrace, Los Angeles CA 90026,34.0903698707,-118.263251865,0,2414993.0,2728942.0,2173494.0,"910,300",1191491.0,2017,1988.0,193444,4429.0,3.0,3.0,9594,
330,20629057,1335 Pennsylvania Ave, Los Angeles CA 90033,34.0518240397,-118.22099948299999,0,667415.0,707460.0,620696.0,"379,500",90113.0,2017,1907.0,5623,2534.0,7.0,2.0,2800,
331,20628331,425 N Boylston St, Los Angeles CA 90012,34.064611721700004,-118.253239527,0,830348.0,880169.0,788831.0,"494,000",367509.0,2017,1908.0,5176,1469.0,3.0,1.0,2950,
332,65246195,W 7th St, Palmdale CA 93551,34.5819133673,-118.142405988,0,360431.0,378453.0,342409.0,"252,000",289000.0,2017,2004.0,6275,2759.0,4.0,3.0,,
333,20244263,Country Club Dr, Palmdale CA 93551,34.6014874969,-118.13491718700001,0,313321.0,328987.0,297655.0,"252,000",269504.0,2017,1965.0,8925,1674.0,3.0,2.0,2200,
335,20249421,1750 E Ave Q14, Palmdale CA 93550,34.5738607787,-118.09641163799999,0,144697.0,153379.0,134568.0,"252,000",45884.0,2017,1989.0,1306,832.0,3.0,2.0,1450,
337,20271504,143 W Ave S-14, Palmdale CA 93551,34.5445371621,-118.129523691,0,716538.0,773861.0,680711.0,"252,000",535715.0,2017,1992.0,98010,5622.0,6.0,6.0,5241,
338,20242766,820 W Avenue P, Palmdale CA 93551,34.6016156142,-118.146649092,0,477938.0,501835.0,454041.0,"252,000",313674.0,2017,1981.0,41250,2366.0,4.0,3.0,2300,
339,20250472,2634 E Ave Q-15, Palmdale CA 93550,34.5730934344,-118.08251205,0,301701.0,316786.0,286616.0,"252,000",143823.0,2017,1989.0,7125,2000.0,4.0,3.0,1950,
340,20239363,38969 Yucca Tree St, Palmdale CA 93551,34.590998973400005,-118.150435826,0,278073.0,291977.0,264169.0,"252,000",141814.0,2017,1953.0,10890,1476.0,3.0,2.0,1783,
341,20242991,450 W Ave O, Palmdale CA 93551,34.6175173476,-118.131649599,0,362255.0,380368.0,344142.0,"252,000",307400.0,2017,1987.0,8030,2309.0,5.0,3.0,2200,
342,79796905,37217 Weeping Branch St, Palmdale CA 93550,34.5586661058,-118.108981502,0,393096.0,412751.0,373441.0,"252,000",399500.0,2017,2007.0,12335,3109.0,5.0,4.0,2300,
343,20246779,37457 Conifer Dr, Palmdale CA 93550,34.5637690875,-118.119241152,0,244572.0,256801.0,227452.0,"252,000",223000.0,2017,1988.0,6645,1229.0,3.0,2.0,1750,
345,20255224,39261 10th St E, Palmdale CA 93550,34.5963277107,-118.114073742,0,340144.0,363954.0,319735.0,"252,000",206129.0,2017,1954.0,49044,2425.0,3.0,2.0,2100,
346,89149373,1656 Korat Dr, Palmdale CA 93551,34.5781635998,-118.16128892,0,322891.0,339036.0,306746.0,"252,000",258777.0,2017,2008.0,26151,1541.0,3.0,2.0,2200,
347,20270557,1607 Via Verde Ave, Palmdale CA 93550,34.5572015987,-118.10121304299999,0,256119.0,268925.0,243313.0,"252,000",105231.0,2017,1986.0,7016,1260.0,3.0,2.0,1700,
348,20245766,38575 Friendly Ave, Palmdale CA 93550,34.584444691,-118.11600420000002,0,181999.0,192919.0,172899.0,"252,000",44482.0,2017,1963.0,5106,696.0,2.0,1.0,1600,
349,20270842,1817 A E Ave Q, Palmdale CA 93550,34.5878551994,-118.09640887299999,0,311227.0,326788.0,295666.0,"252,000",257300.0,2017,1989.0,7201,1901.0,4.0,3.0,2000,
350,20249309,1845 E Avenue Q12, Palmdale CA 93550,34.5763096777,-118.095094657,0,198895.0,208840.0,180994.0,"252,000",69759.0,2017,1954.0,6090,983.0,3.0,1.0,1495,
351,20246137,458 E Avenue R-5, Palmdale CA 93550,34.5676434099,-118.12076065,0,226015.0,237316.0,214714.0,"252,000",107109.0,2017,1955.0,7189,1202.0,2.0,2.0,1600,
352,20244317,505 Hansa St, Palmdale CA 93551,34.6054210552,-118.14080413299999,0,389260.0,408723.0,369797.0,"252,000",321000.0,2017,1978.0,7792,2456.0,3.0,3.0,2300,
353,20271313,37135 Tovey Ave, Palmdale CA 93551,34.5567671546,-118.150555517,0,315233.0,330995.0,299471.0,"252,000",277387.0,2017,1980.0,48351,1560.0,3.0,2.0,2400,
354,20271331,36517 China Pl, Palmdale CA 93551,34.5439633759,-118.135139139,0,558283.0,602946.0,530369.0,"252,000",618646.0,2017,1990.0,41817,3764.0,4.0,3.0,3100,
355,20246793,545 Spruce Ct, Palmdale CA 93550,34.5627984135,-118.118339454,0,245258.0,257521.0,232995.0,"252,000",105400.0,2017,1988.0,7780,1229.0,3.0,2.0,1650,
356,20243312,340 W Avenue P, Palmdale CA 93551,34.5978427827,-118.133310277,0,363970.0,382168.0,345772.0,"252,000",138528.0,2017,1990.0,7695,2604.0,4.0,3.0,2200,
357,20251575,2201 E Ave Q, Palmdale CA 93550,34.5882422782,-118.089653451,0,269175.0,282634.0,255716.0,"252,000",113632.0,2017,1970.0,7996,1564.0,3.0,2.0,2000,
358,20244212,Country Club Dr, Palmdale CA 93551,34.6007950863,-118.139308391,0,375427.0,394198.0,356656.0,"252,000",304000.0,2017,1966.0,8311,2342.0,3.0,3.0,2200,
359,20242656,38448 Yucca Tree St, Palmdale CA 93551,34.5810510278,-118.152445199,0,338417.0,355338.0,321496.0,"252,000",213029.0,2017,1994.0,9258,1871.0,4.0,3.0,2200,
360,20245011,268 E Ave P 2, Palmdale CA 93550,34.5994408844,-118.12591120200001,0,179871.0,188865.0,170877.0,"252,000",109059.0,2017,1957.0,6905,1072.0,2.0,1.0,1600,
361,54947361,2436 Estrella Ct, Palmdale CA 93550,34.560270775700005,-118.085640071,0,330962.0,347510.0,314414.0,"252,000",266000.0,2017,2004.0,7405,1908.0,3.0,2.0,2100,
362,20271456,36213 El Camino Dr, Palmdale CA 93551,34.5385206464,-118.132808149,0,599008.0,628958.0,569058.0,"252,000",377705.0,2017,1987.0,54450,2917.0,4.0,3.0,2750,
363,20271313,37135 Tovey Ave, Palmdale CA 93551,34.5560543622,-118.15061385899999,0,315233.0,330995.0,299471.0,"252,000",277387.0,2017,1980.0,48351,1560.0,3.0,2.0,2400,
364,20271456,36213 El Camino Dr, Palmdale CA 93551,34.5399177466,-118.13220119,0,599008.0,628958.0,569058.0,"252,000",377705.0,2017,1987.0,54450,2917.0,4.0,3.0,2750,
365,20251967,2129 Moonlight Ct, Palmdale CA 93550,34.5613154479,-118.090093848,0,279413.0,293384.0,265442.0,"252,000",101293.0,2017,1986.0,7005,1544.0,3.0,2.0,1995,
366,20250030,38618 20th St E, Palmdale CA 93550,34.5833389641,-118.093921564,0,262445.0,275567.0,249323.0,"252,000",145337.0,2017,1955.0,6882,2000.0,5.0,2.0,2040,
367,20271456,36213 El Camino Dr, Palmdale CA 93551,34.5391226693,-118.13100298299999,0,599008.0,628958.0,569058.0,"252,000",377705.0,2017,1987.0,54450,2917.0,4.0,3.0,2750,
368,20271313,37135 Tovey Ave, Palmdale CA 93551,34.5562515899,-118.15042146,0,315233.0,330995.0,299471.0,"252,000",277387.0,2017,1980.0,48351,1560.0,3.0,2.0,2400,
369,20249817,1834 Sweetbrier St, Palmdale CA 93550,34.5821000606,-118.09520111,0,209491.0,219966.0,199016.0,"252,000",74508.0,2017,1954.0,6516,1010.0,3.0,1.0,1550,
370,65244184,241 Quail Dr, Palmdale CA 93551,34.6095449745,-118.13400686600001,0,430901.0,452446.0,409356.0,"252,000",421974.0,2017,2004.0,16552,3005.0,4.0,3.0,2435,
371,20247149,1141 E Ave R, Palmdale CA 93550,34.5738323112,-118.10830284,0,207600.0,240816.0,170232.0,"252,000",108114.0,2017,1986.0,3920,1112.0,3.0,2.0,1600,
372,54947324,311 Bogie St, Palmdale CA 93551,34.6031155534,-118.134647071,0,374153.0,392861.0,355445.0,"252,000",219630.0,2017,2003.0,9349,2260.0,4.0,2.0,2200,
373,20242708,548 W Ave Q 12, Palmdale CA 93551,34.5762606206,-118.140276121,0,341915.0,359011.0,324819.0,"252,000",133115.0,2017,1981.0,7000,1772.0,3.0,2.0,2100,
374,20246903,37414 Larchwood Dr, Palmdale CA 93550,34.562551372600005,-118.11689127700001,0,273578.0,287257.0,259899.0,"252,000",154223.0,2017,1988.0,7379,1509.0,3.0,2.0,1850,
375,20250779,2801 E Ave S, Palmdale CA 93550,34.5582787297,-118.07967929200001,0,252698.0,265333.0,240063.0,"252,000",116774.0,2017,1969.0,7041,1399.0,4.0,2.0,2200,
376,20270425,37031 Cooper Terrace, Palmdale CA 93550,34.5556289756,-118.08180788899999,0,238185.0,250094.0,226276.0,"252,000",187400.0,2017,1988.0,4400,1065.0,2.0,2.0,1600,
377,20251236,2321 E Ave S, Palmdale CA 93550,34.5591217671,-118.087002668,0,224900.0,236145.0,213655.0,"252,000",131914.0,2017,1988.0,5169,1100.0,2.0,2.0,1699,
378,79797143,37405 7th St W, Palmdale CA 93551,34.5632929033,-118.143247701,0,537912.0,570187.0,511016.0,"252,000",466300.0,2017,2006.0,44862,3226.0,4.0,4.0,2500,
379,20250576,2904 E Ave R10, Palmdale CA 93550,34.5633454531,-118.077657926,0,252465.0,265088.0,239842.0,"252,000",132418.0,2017,1980.0,10454,1471.0,3.0,2.0,1950,
380,20244690,40140 Pevero Ct, Palmdale CA 93551,34.612064278000005,-118.132572634,0,332714.0,349350.0,302770.0,"252,000",279598.0,2017,1998.0,10062,1690.0,3.0,2.0,2200,
381,2130885693,2202 E Ave R 10, Palmdale CA 93550,34.5639007567,-118.089818625,0,301997.0,335217.0,259717.0,"252,000",143502.0,2017,1985.0,6914,1995.0,4.0,2.0,2300,
382,20270449,2231 E Ave Q, Palmdale CA 93550,34.5888514978,-118.089139873,0,275100.0,288855.0,261345.0,"252,000",168772.0,2017,1987.0,7259,1453.0,3.0,2.0,2000,
383,20250071,2010 E Ave R, Palmdale CA 93550,34.5726654228,-118.093085198,0,208535.0,218962.0,198108.0,"252,000",127372.0,2017,1955.0,7228,980.0,3.0,1.0,1595,
384,20247966,37642 Gilworth Ave, Palmdale CA 93550,34.5665083256,-118.104745239,0,238239.0,250151.0,226327.0,"252,000",184970.0,2017,1986.0,4873,1112.0,3.0,2.0,1600,
385,20271334,36506 China Pl, Palmdale CA 93551,34.544281736,-118.135193574,0,557260.0,601841.0,529397.0,"252,000",690800.0,2017,1990.0,43598,3764.0,5.0,3.0,3200,
386,20251573,2208 E Ave R12, Palmdale CA 93550,34.5616007597,-118.08902023799999,0,281597.0,295677.0,267517.0,"252,000",219535.0,2017,1986.0,7840,1593.0,4.0,2.0,2000,
387,95532274,38409 Sphynx Dr, Palmdale CA 93551,34.575613603600004,-118.158947505,0,413033.0,433685.0,392381.0,"252,000",368600.0,2017,2009.0,60116,2564.0,3.0,3.0,2295,
388,20252122,37302 Sand Brook Dr, Palmdale CA 93550,34.5601872066,-118.08302039700001,0,288136.0,302543.0,273729.0,"252,000",116386.0,2017,1987.0,7174,1680.0,3.0,2.0,2000,
389,20251651,2424 Swallow Ln, Palmdale CA 93550,34.5639417692,-118.085987249,0,302513.0,317639.0,287387.0,"252,000",158770.0,2017,1986.0,6969,1955.0,5.0,2.0,2395,
390,95684688,2152 Spanish Broom Dr, Palmdale CA 93550,34.555493088,-118.089680541,0,334392.0,351112.0,317672.0,"252,000",265200.0,2017,2016.0,7499,1782.0,4.0,2.0,,
391,72541479,700 Union St, Pasadena CA 91101,34.1473299862,-118.135441909,0,577024.0,605875.0,548173.0,"482,700",135043.0,2017,2006.0,26880,950.0,1.0,2.0,2850,
392,2106909816,330 Cordova St, Pasadena CA 91101,34.141597665999996,-118.143867143,0,1214513.0,2113253.0,923030.0,"572,200",630000.0,2017,1981.0,144183,144285.0,2.0,3.0,2750,
393,20858967,1100 Hermosa Rd, Pasadena CA 91105,34.135831873600004,-118.171880942,0,2513698.0,2639383.0,2337739.0,"1,083,500",977851.0,2017,1951.0,18175,3272.0,5.0,4.0,7480,
394,20858808,71 San Miguel Rd, Pasadena CA 91105,34.1403060129,-118.175355112,0,1613099.0,1726016.0,1435658.0,"1,083,500",223718.0,2017,1945.0,8982,2876.0,4.0,3.0,5965,
395,20875379,36 S Parkwood Ave, Pasadena CA 91107,34.1452457929,-118.111596204,0,1528346.0,1635330.0,1390795.0,"791,300",126860.0,2017,1950.0,8165,3246.0,6.0,5.0,2600,
396,20857528,625 Prospect Blvd, Pasadena CA 91103,34.154242008400004,-118.160652325,0,2955682.0,3103466.0,2778341.0,"1,034,100",985889.0,2017,1906.0,21263,3332.0,5.0,4.0,10390,
397,20856216,1121 Heatherside Rd, Pasadena CA 91105,34.1572352855,-118.17350292,0,1171254.0,1253242.0,1112691.0,"1,034,100",634939.0,2017,1953.0,30719,1490.0,2.0,2.0,3998,
398,20700555,1470 E California Blvd, Pasadena CA 91106,34.135467758800004,-118.120088986,0,6759902.0,7368293.0,6083912.0,"791,300",1943630.0,2017,1921.0,49698,6500.0,6.0,6.5,21912,
399,20864615,1566 Mentone Ave, Pasadena CA 91103,34.1729080336,-118.157056063,0,744865.0,782108.0,707622.0,"589,700",364604.0,2017,1941.0,8208,1676.0,2.0,2.0,2750,
400,20855043,1463 Forest Ave, Pasadena CA 91103,34.1721410062,-118.16319021700001,0,742287.0,779401.0,705173.0,"1,034,100",458117.0,2017,1921.0,8979,1380.0,3.0,3.0,2275,
401,20856280,1300 Glen Oaks Blvd, Pasadena CA 91105,34.1552189624,-118.177717308,0,3450579.0,3623108.0,3243544.0,"1,034,100",2835086.0,2017,2005.0,23129,4703.0,5.0,5.0,10083,
402,20699603,1929 Mill Rd, South Pasadena CA 91030,34.119051466799995,-118.142834709,0,2183360.0,2292528.0,2008691.0,"1,098,000",424848.0,2017,1948.0,10616,2422.0,4.0,4.0,2695,
403,20855805,1455 Chamberlain Rd, Pasadena CA 91103,34.1691329245,-118.181178782,0,2167085.0,2297110.0,2058731.0,"1,034,100",1116895.0,2017,1969.0,17110,3216.0,4.0,3.0,7529,
404,20699958,1233 Encino Dr, Pasadena CA 91108,34.1235816329,-118.13094441,0,4448247.0,4759624.0,4136870.0,"572,200",1874131.0,2017,1981.0,19967,4103.0,3.0,5.0,12154,
405,54668669,178 N Madison Ave, Pasadena CA 91101,34.1492894712,-118.13769878,0,730996.0,767546.0,694446.0,"482,700",432323.0,2017,2000.0,38964,1647.0,3.0,3.0,2550,
406,20697078,1432 Wayne Ave, South Pasadena CA 91030,34.108782352,-118.138735815,0,2298375.0,2459261.0,2091521.0,"1,098,000",273820.0,2017,1923.0,18816,2469.0,3.0,3.0,6227,
407,20861547,484 E California Blvd, Pasadena CA 91106,34.135677070199996,-118.14007537299999,0,739525.0,776501.0,702549.0,"572,200",397765.0,2017,1983.0,56925,1506.0,2.0,3.0,2700,
408,20702705,433 S Greenwood Ave, Pasadena CA 91107,34.138499414,-118.111085664,0,1303442.0,1381649.0,1238270.0,"791,300",455298.0,2017,1946.0,7318,1975.0,3.0,2.0,3811,
409,20920179,1408 N Holliston Ave, Pasadena CA 91104,34.1704270412,-118.12234838799999,0,1072020.0,1125621.0,1007699.0,"769,000",74519.0,2017,1940.0,10187,2405.0,5.0,3.0,2450,
410,20855359,1600 La Vista Pl, Pasadena CA 91103,34.175100693800005,-118.175284695,0,2504274.0,2629488.0,2303932.0,"1,034,100",188600.0,2017,1931.0,38650,3505.0,3.0,3.0,9534,
411,20865297,1079 Marengo Ave, Pasadena CA 91103,34.1644661551,-118.14635463399999,0,899735.0,944722.0,854748.0,"589,700",328247.0,2017,1909.0,11060,1879.0,4.0,3.0,3400,
412,20864698,270 Del Monte St, Pasadena CA 91103,34.1715707528,-118.15651264799999,0,638487.0,670411.0,606563.0,"589,700",145624.0,2017,1912.0,6214,1194.0,3.0,2.0,2600,
413,20870094,272 S Michigan Ave, Pasadena CA 91106,34.14118479,-118.12574974,0,1488719.0,1592929.0,1339847.0,"482,700",416168.0,2017,1920.0,7499,3549.0,8.0,4.0,2800,
414,20857487,475 Bellmore Way, Pasadena CA 91103,34.1530239896,-118.162137376,0,2367218.0,2485579.0,2248857.0,"1,034,100",244245.0,2017,1937.0,12555,3316.0,3.0,4.0,7519,
415,20699095,570 E Glenarm St, Pasadena CA 91106,34.1272560687,-118.138382791,0,3367818.0,3637243.0,3132071.0,"572,200",2446875.0,2017,1923.0,16024,3958.0,4.0,5.0,9587,
416,20874280,1808 Las Lunas St, Pasadena CA 91107,34.1563478686,-118.11297617299999,0,992305.0,1041920.0,942690.0,"619,900",573808.0,2017,1917.0,8999,2026.0,4.0,2.0,3200,
417,20870820,538 N Holliston Ave, Pasadena CA 91106,34.1553281272,-118.122538179,0,1596523.0,1724245.0,1436871.0,"482,700",436183.0,2017,1920.0,12001,4170.0,8.0,4.0,2500,
418,20694571,312 Fairview Ave, South Pasadena CA 91030,34.1224523029,-118.15475976299999,0,1222616.0,1283747.0,1161485.0,"1,098,000",347948.0,2017,1977.0,9413,1790.0,3.0,2.0,3411,
419,20858120,124 Waverly Dr, Pasadena CA 91105,34.1396120681,-118.153186924,0,800354.0,848375.0,760336.0,"1,083,500",286768.0,2017,1910.0,6753,971.0,3.0,1.0,2800,
420,20867427,497 E California Blvd, Pasadena CA 91106,34.1363227876,-118.140268544,0,620305.0,651320.0,589290.0,"572,200",535500.0,2017,1980.0,75664,1154.0,2.0,2.0,2650,
421,20856653,387 Mira Vista Terrace, Pasadena CA 91105,34.1516149301,-118.168274835,0,2635560.0,2793694.0,2451071.0,"1,034,100",860797.0,2017,1980.0,37842,3096.0,4.0,4.0,8573,
422,20861584,745 S Oakland Ave, Pasadena CA 91106,34.1329152539,-118.140002634,0,2404406.0,2524626.0,2284186.0,"572,200",712456.0,2017,1922.0,13019,3155.0,5.0,4.0,6566,
423,20870521,714 N Michigan Ave, Pasadena CA 91104,34.1583095799,-118.125308402,0,845174.0,887433.0,802915.0,"769,000",318500.0,2017,1913.0,6927,1440.0,3.0,2.0,3200,
424,20856077,1476 Rutherford Dr, Pasadena CA 91103,34.1620392779,-118.180653776,0,2971222.0,3119783.0,2763236.0,"1,034,100",1463996.0,2017,1988.0,18344,5128.0,5.0,5.0,9024,
425,20859850,686 S Arroyo Blvd, Pasadena CA 91105,34.1339329062,-118.165291632,0,2509301.0,2659859.0,2283464.0,"1,083,500",1711050.0,2017,1924.0,9191,3365.0,6.0,5.0,8169,
426,20875087,153 S Grand Oaks Ave, Pasadena CA 91107,34.143126142,-118.105364081,0,944170.0,991378.0,896962.0,"791,300",34378.0,2017,1911.0,8471,1547.0,5.0,2.0,2350,
427,20864924,1267 Sunset Ave, Pasadena CA 91103,34.167648904699995,-118.15518824600001,0,888309.0,932724.0,843894.0,"589,700",391120.0,2017,1953.0,7603,1918.0,4.0,3.0,2300,
428,20694847,718 Hermosa St, South Pasadena CA 91030,34.1221363493,-118.160964672,0,2413770.0,2534458.0,2244806.0,"1,098,000",2152138.0,2017,1969.0,19972,3304.0,3.0,3.5,7793,
429,82870491,417 S Hudson Ave, Pasadena CA 91101,34.1387000322,-118.133967881,0,581263.0,610326.0,552200.0,"572,200",459019.0,2017,2004.0,29823,917.0,2.0,2.0,2500,
430,20861775,909 S El Molino Ave, Pasadena CA 91106,34.1301842599,-118.137075505,0,1367770.0,1463514.0,1299382.0,"572,200",102622.0,2017,1923.0,14002,1648.0,3.0,2.0,5532,
431,20862317,376 S Marengo Ave, Pasadena CA 91101,34.139150393,-118.14555237100001,0,400869.0,420912.0,376817.0,"572,200",175718.0,2017,1927.0,1655,593.0,1.0,1.0,2200,
432,20858553,125 S Grand Ave, Pasadena CA 91105,34.1432453866,-118.162567576,0,4894216.0,5236811.0,4551621.0,"1,083,500",2829658.0,2017,1908.0,75951,6790.0,6.0,5.0,20422,
433,20699488,544 Garfield Ave, South Pasadena CA 91030,34.1201877246,-118.143006464,0,935230.0,981991.0,888469.0,"1,098,000",1161867.0,2017,1953.0,153909,1852.0,3.0,4.0,3375,
434,65247408,1605 Pleasant Way, Pasadena CA 91105,34.1316823362,-118.18032128700001,0,1220060.0,1329865.0,1122455.0,"1,083,500",292272.0,2017,1933.0,14503,1846.0,2.0,2.0,3856,
435,20859062,430 Laguna Rd, Pasadena CA 91105,34.1346048735,-118.172698456,0,3402836.0,3572978.0,3198666.0,"1,083,500",2558137.0,2017,1922.0,25264,3955.0,3.0,5.0,9675,
436,20913867,365 Atchison St, Pasadena CA 91104,34.1758000216,-118.14345527799999,0,940430.0,987451.0,836983.0,"589,700",300603.0,2017,1911.0,8751,2472.0,6.0,2.0,3250,
437,20857172,1450 West Dr, Pasadena CA 91105,34.168395478600004,-118.171702633,0,1076743.0,1130580.0,1022906.0,"1,083,500",908368.0,2017,1963.0,5995,2152.0,3.0,3.0,9519,
438,20871272,931 N Michigan Ave, Pasadena CA 91104,34.1622394658,-118.125640084,0,920173.0,966182.0,874164.0,"769,000",289900.0,2017,1912.0,8103,1579.0,3.0,1.0,3200,
439,20856136,555 Glen Ct, Pasadena CA 91105,34.1548309676,-118.176348788,0,3094922.0,3249668.0,2909227.0,"1,034,100",1703426.0,2017,1982.0,38184,3788.0,4.0,5.0,9836,
440,20869517,1501 Locust St, Pasadena CA 91106,34.1510450306,-118.119546626,0,636856.0,668699.0,598645.0,"619,900",554785.0,2017,1978.0,8373,700.0,2.0,1.0,2500,
441,20871168,1025 N Mentor Ave, Pasadena CA 91104,34.163781614499996,-118.131592493,0,946163.0,993471.0,898855.0,"769,000",154943.0,2017,1907.0,6256,2092.0,4.0,1.0,3250,
442,20208623,21563 Cleardale St, Santa Clarita CA 91321,34.38946621,-118.51005570000001,0,413606.0,454967.0,351565.0,"476,300",128569.0,2017,1915.0,436280,534.0,1.0,1.0,2300,
443,20205856,24001 Briardale Way, Santa Clarita CA 91321,34.35776376,-118.5397209,0,743508.0,780683.0,706333.0,"459,200",593077.0,2017,1985.0,15921,3059.0,4.0,3.0,3500,
444,20227938,26327 Emerald Dove Dr, Santa Clarita CA 91355,34.40468246,-118.5652478,0,514185.0,539894.0,483334.0,"530,000",436742.0,2017,1988.0,7083,1532.0,3.0,3.0,2615,
445,20210604,22405 Cardiff Dr, Santa Clarita CA 91350,34.40333323,-118.524928,0,768470.0,806893.0,730047.0,"476,300",672258.0,2017,1988.0,21498,2573.0,4.0,3.0,3200,
446,20227860,26215 Paolino Pl, Santa Clarita CA 91355,34.39924336,-118.56614040000001,0,656110.0,688915.0,623305.0,"530,000",579477.0,2017,1987.0,12000,1839.0,3.0,3.0,3100,
447,20222345,25458 Ave Escalera, Santa Clarita CA 91355,34.38649597,-118.552921,0,697020.0,731871.0,662169.0,"530,000",631734.0,2017,1969.0,7069,2327.0,4.0,3.0,3200,
448,20205334,23649 Newhall Ave, Santa Clarita CA 91321,34.36865694,-118.51812220000001,0,638108.0,689157.0,555154.0,"459,200",289438.0,2017,1948.0,118401,1530.0,3.0,1.0,2800,
449,20207160,23614 Neargate Dr, Santa Clarita CA 91321,34.37279675,-118.54697079999998,0,769070.0,807523.0,730617.0,"459,200",415000.0,2017,1964.0,12673,2200.0,4.0,4.0,2995,
450,20228830,24902 Avignon Dr, Santa Clarita CA 91355,34.41983207,-118.570755,0,621945.0,653042.0,590848.0,"530,000",196847.0,2017,1998.0,15447,1919.0,2.0,3.0,2800,
451,20205334,23649 Newhall Ave, Santa Clarita CA 91321,34.36657836,-118.51598490000002,0,638108.0,689157.0,555154.0,"459,200",289438.0,2017,1948.0,118401,1530.0,3.0,1.0,2800,
452,20218405,22503 Los Tigres Dr, Santa Clarita CA 91350,34.43075118,-118.5291402,0,526268.0,552581.0,499955.0,"476,300",399000.0,2017,1963.0,5869,1376.0,4.0,2.0,2600,
453,20196019,23401 Westford Pl, Santa Clarita CA 91354,34.43502397,-118.5440172,0,734017.0,770718.0,697316.0,"530,000",610093.0,2017,1989.0,6098,2829.0,4.0,3.0,3250,
454,20210437,25549 Sheffield Ln, Santa Clarita CA 91350,34.40493046,-118.5304491,0,604531.0,634758.0,574304.0,"476,300",567630.0,2017,1986.0,9234,1635.0,3.0,3.0,3000,
455,20225880,26028 Tourelle Pl, Santa Clarita CA 91355,34.39610882,-118.5636719,0,758984.0,796933.0,721035.0,"530,000",699900.0,2017,1986.0,7568,2536.0,4.0,3.0,3400,
456,20205856,24001 Briardale Way, Santa Clarita CA 91321,34.35572645,-118.5389675,0,743508.0,780683.0,706333.0,"459,200",593077.0,2017,1985.0,15921,3059.0,4.0,3.0,3500,
457,20226271,23402 Gaucho Ct, Santa Clarita CA 91355,34.41310606,-118.54398789999999,0,429091.0,450546.0,407636.0,"530,000",226130.0,2017,1985.0,8520,1128.0,3.0,2.0,2250,
458,20218450,26614 Gavilan Dr, Santa Clarita CA 91350,34.42862404,-118.53268529999998,0,548514.0,575940.0,521088.0,"476,300",63320.0,2017,1963.0,6678,1769.0,4.0,2.0,2750,
459,20205355,23960 Wildwood Canyon Rd, Santa Clarita CA 91321,34.36424848,-118.52892050000001,0,2118070.0,2414600.0,1948624.0,"459,200",1564797.0,2017,1989.0,391533,6742.0,5.0,6.0,12000,
460,94641939,26579 Bouquet Canyon Rd, Santa Clarita CA 91350,34.42946667,-118.5362537,0,738322.0,775238.0,701406.0,"476,300",614049.0,2017,2010.0,6169,3184.0,4.0,3.0,3400,
461,20206662,23463 Cherry St, Santa Clarita CA 91321,34.37703794,-118.5442091,0,328967.0,384891.0,299360.0,"459,200",42823.0,2017,1972.0,7405,800.0,2.0,1.0,2400,
462,20205561,23306 Maple St, Santa Clarita CA 91321,34.36913907,-118.5375639,0,1235285.0,1309402.0,1173521.0,"459,200",633745.0,2017,1983.0,23522,6105.0,4.0,5.0,5500,
463,20219256,25565 Va Paladar, Santa Clarita CA 91355,34.38465088,-118.5614012,0,1362037.0,1498241.0,1266694.0,"530,000",940727.0,2017,1979.0,31333,4837.0,5.0,5.0,5525,
464,20226383,26122 Bella Santa Dr, Santa Clarita CA 91355,34.41080021,-118.54994359999999,0,632861.0,664504.0,601218.0,"530,000",443006.0,2017,1984.0,5117,1614.0,3.0,2.0,2850,
465,20208611,22362 Circle J Ranch Rd, Santa Clarita CA 91350,34.39516305,-118.5307367,0,776065.0,814868.0,737262.0,"476,300",806696.0,2017,1992.0,13460,2613.0,4.0,3.0,3300,
466,124874013,21717 Propello Dr, Santa Clarita CA 91351,34.41762671,-118.5160666,0,507041.0,532393.0,481689.0,"476,300",414630.0,2017,2015.0,61856,1719.0,4.0,3.0,2200,
467,20207761,21355 Placerita Canyon Rd, Santa Clarita CA 91321,34.38330936,-118.5117092,0,1018799.0,1079927.0,967859.0,"459,200",890563.0,2017,1979.0,44521,3400.0,4.0,3.0,3700,
468,20223427,25528 La Gosta Pl, Santa Clarita CA 91355,34.39027947,-118.5544473,0,559439.0,587411.0,531467.0,"530,000",336364.0,2017,1975.0,5809,1325.0,3.0,2.0,2624,
469,54945958,27067 Channel Ln, Santa Clarita CA 91355,34.43050976,-118.56142209999999,0,597399.0,627269.0,388309.0,"530,000",584022.0,2017,2001.0,5798,2145.0,4.0,3.0,3200,
470,20201982,24203 Wabuska St, Santa Clarita CA 91321,34.37304815,-118.5575906,0,486968.0,511316.0,462620.0,"459,200",291781.0,2017,1974.0,7100,1302.0,3.0,2.0,2600,
471,20209790,22223 Claibourne Ln, Santa Clarita CA 91350,34.39860794,-118.52554850000001,0,607308.0,637673.0,576943.0,"476,300",559900.0,2017,1986.0,6969,1635.0,3.0,3.0,2850,
472,20202079,24604 Sagecrest Cir, Santa Clarita CA 91381,34.37006509,-118.56527129999999,0,729942.0,766439.0,693445.0,"459,200",574039.0,2017,1987.0,13447,2312.0,4.0,3.0,3300,
473,20207763,24506 Golden Oak Ln, Santa Clarita CA 91321,34.38045448,-118.5074378,0,1467886.0,1541280.0,1365134.0,"477,300",942169.0,2017,1988.0,108900,5572.0,5.0,4.0,6499,
474,20205354,23876 Wildwood Canyon Rd, Santa Clarita CA 91321,34.36251935,-118.52803190000002,0,815857.0,856650.0,775064.0,"459,200",110014.0,2017,1964.0,107123,2413.0,4.0,3.0,3300,
475,20208677,21618 Oak Orchard Rd, Santa Clarita CA 91321,34.38536806,-118.51556029999999,0,693570.0,728248.0,658892.0,"459,200",674622.0,2017,1960.0,31340,1813.0,3.0,2.0,3100,
476,20224976,25625 Palma Alta Dr, Santa Clarita CA 91355,34.40223587,-118.5431842,0,478070.0,501973.0,454167.0,"530,000",433500.0,2017,1980.0,3571,1018.0,3.0,2.0,2400,
477,20219205,24234 Lema Dr, Santa Clarita CA 91355,34.389331,-118.560024,0,459677.0,482661.0,436693.0,"530,000",291479.0,2017,1975.0,2099,1462.0,4.0,2.0,2500,
478,20210602,22415 Cardiff Dr, Santa Clarita CA 91350,34.40445319,-118.5253078,0,686203.0,720513.0,651893.0,"477,300",662339.0,2017,1988.0,15834,2353.0,4.0,3.0,3200,
479,50882521,23944 Windward Ln, Santa Clarita CA 91355,34.43033126,-118.5570395,0,873162.0,916820.0,829504.0,"530,000",752169.0,2017,2001.0,5662,3255.0,4.0,3.0,3800,
480,50903295,22601 White Wing Way, Santa Clarita CA 91350,34.39606089,-118.53317949999999,0,760954.0,799002.0,722906.0,"476,300",635659.0,2017,1999.0,6503,2520.0,5.0,3.0,3200,
481,20225290,25762 Alta Dr, Santa Clarita CA 91355,34.4055121,-118.5458158,0,683425.0,717596.0,649254.0,"530,000",464960.0,2017,1984.0,5977,2279.0,4.0,3.0,3100,
482,20206904,23153 1/2 8th St, Santa Clarita CA 91321,34.37462553,-118.5357595,0,534486.0,561210.0,507762.0,"459,200",467500.0,2017,1965.0,10571,1250.0,3.0,2.0,3000,
483,20205835,24166 Creekside Dr, Santa Clarita CA 91321,34.36156307,-118.54052890000001,0,783956.0,823154.0,744758.0,"459,200",643146.0,2017,1986.0,8906,3140.0,3.0,4.0,3695,
484,50894008,25301 Heather Vale St, Santa Clarita CA 91350,34.39461546,-118.53384779999999,0,701869.0,736962.0,666776.0,"476,300",636000.0,2017,1999.0,7366,2328.0,5.0,3.0,3200,
485,20222467,23926 Va Hamaca, Santa Clarita CA 91355,34.38721729,-118.55471299999999,0,626951.0,658299.0,595603.0,"530,000",390853.0,2017,1969.0,7840,1769.0,3.0,2.0,2900,
486,20223354,25503 Langston St, Santa Clarita CA 91355,34.3912902,-118.55066699999999,0,547064.0,574417.0,519711.0,"530,000",365400.0,2017,1974.0,5500,1442.0,3.0,2.0,2700,
487,20224539,25538 Va Pacifica, Santa Clarita CA 91355,34.39813986,-118.54745449999999,0,602822.0,632963.0,572681.0,"530,000",566100.0,2017,1979.0,6383,1599.0,3.0,2.0,2800,
488,20207852,21720 Placerita Canyon Rd, Santa Clarita CA 91321,34.38166704,-118.5191422,0,806958.0,847306.0,766610.0,"459,200",114804.0,2017,1961.0,29683,2256.0,4.0,2.0,3195,
489,54943999,27054 Clarence Ct, Santa Clarita CA 91355,34.42948694,-118.5611108,0,693903.0,728598.0,659208.0,"530,000",470958.0,2017,2001.0,3763,2415.0,4.0,3.0,3200,
490,20219267,24535 Farrow Dr, Santa Clarita CA 91355,34.38127896,-118.56396000000001,0,762168.0,800276.0,724060.0,"530,000",658869.0,2017,1979.0,15456,2288.0,4.0,3.0,3295,
491,50894092,24707 Napa Ct, Santa Clarita CA 91355,34.41345278,-118.5682185,0,1620810.0,1750475.0,1539770.0,"530,000",1800300.0,2017,2001.0,17664,4565.0,4.0,6.0,9999,
492,20219249,24243 Vista Hills Dr, Santa Clarita CA 91355,34.38384735,-118.56005459999999,0,1095478.0,1150252.0,1040704.0,"530,000",927877.0,2017,1980.0,19947,4056.0,4.0,4.0,5450,
493,20208653,21157 Placeritos Blvd, Santa Clarita CA 91321,34.38315889,-118.5072149,0,1328483.0,1434762.0,1222204.0,"459,200",594448.0,2017,1977.0,49222,4979.0,6.0,6.0,3529,
494,20221250,24912 Avenida Balita, Santa Clarita CA 91355,34.38429528,-118.54185259999998,0,595634.0,625416.0,565852.0,"530,000",259060.0,2017,1969.0,6848,1817.0,4.0,2.0,2945,
495,20205688,23598 Stillwater Pl, Santa Clarita CA 91321,34.36755815,-118.5455818,0,893051.0,937704.0,848398.0,"459,200",693600.0,2017,1987.0,7424,4.0,5.0,5.0,3100,
496,21334983,1101-1105 Lilienthal Ln, Redondo Beach CA 90278,33.8641862082,-118.365839419,0,942689.0,989823.0,895555.0,"855,300",156339.0,2017,1962.0,6213,1764.0,3.0,2.0,,
497,21265915,1536 W 222nd St, Torrance CA 90501,33.825487719099996,-118.305203763,0,598835.0,628777.0,568893.0,"459,700",334276.0,2017,1952.0,7200,1549.0,3.0,2.0,2800,
498,20372467,3132 185th St, Torrance CA 90504,33.8626370792,-118.327966931,0,721006.0,757056.0,684956.0,"630,700",320768.0,2017,1950.0,6499,1256.0,3.0,2.0,2975,
499,21332589,4109 Emerald St, Torrance CA 90503,33.842104341399995,-118.357045211,0,1451973.0,1655249.0,1176098.0,"744,600",541658.0,2017,1963.0,6901,4302.0,8.0,6.0,3000,
500,21279166,2127 W 237th St, Torrance CA 90501,33.8099658369,-118.318272831,0,875936.0,919733.0,832139.0,"741,900",105357.0,2017,1965.0,5784,2154.0,5.0,3.0,3300,
501,21328017,21734 Evalyn Ave, Torrance CA 90503,33.8307433904,-118.362135694,0,957442.0,1005314.0,909570.0,"809,400",934000.0,2017,1955.0,6227,1740.0,4.0,2.0,3700,
502,21333339,4202 Carmen St, Torrance CA 90503,33.8329720205,-118.358228001,0,930185.0,976694.0,883676.0,"809,400",439353.0,2017,1956.0,5601,1720.0,3.0,3.0,3400,
503,20372624,18700 Crenshaw Blvd, Torrance CA 90504,33.8612584102,-118.325375217,0,604186.0,634395.0,573977.0,"630,700",386720.0,2017,1951.0,5644,850.0,3.0,1.0,2800,
504,21333846,22733 Anza Ave, Torrance CA 90505,33.8216025362,-118.36011135700001,0,859126.0,902082.0,816170.0,"869,800",643589.0,2017,1953.0,5375,1616.0,3.0,1.0,3395,
505,2117437376,2602 Cabrillo Ave, Torrance CA 90501,33.8213561318,-118.314660413,0,753742.0,829116.0,693443.0,"595,500",461549.0,2017,1990.0,5505,1952.0,4.0,3.0,2900,
506,21274049,1924 Middlebrook Rd, Torrance CA 90501,33.8172586807,-118.314157164,0,899318.0,944284.0,854352.0,"741,900",754510.0,2017,1948.0,6381,2339.0,4.0,3.0,3600,
507,21283053,22741 Date Ave, Torrance CA 90505,33.8195632587,-118.32942687200001,0,805505.0,845780.0,765230.0,"869,800",109586.0,2017,1960.0,6163,1470.0,3.0,2.0,3000,
508,21330330,19802 Tomlee Ave, Torrance CA 90503,33.8516202926,-118.37709014100001,0,1022016.0,1073117.0,970915.0,"595,500",564769.0,2017,1970.0,5000,1667.0,3.0,2.0,3400,
509,20375842,2707 W 179th St, Torrance CA 90504,33.868662904699995,-118.323535679,0,717283.0,753147.0,681419.0,"613,300",93109.0,2017,1953.0,5151,1580.0,3.0,2.0,2975,
510,20374042,17119 Faysmith Ave, Torrance CA 90504,33.8745958667,-118.33158875,0,768533.0,806960.0,730106.0,"630,700",317550.0,2017,1963.0,7015,1740.0,4.0,2.0,3000,
511,21329899,5405 Towers St, Torrance CA 90503,33.855707677800005,-118.370632592,0,1029656.0,1081139.0,978173.0,"798,600",649354.0,2017,1956.0,7212,1796.0,5.0,2.0,3650,
512,21326963,23003 Doris Way, Torrance CA 90505,33.819378021300004,-118.37436523,0,1321069.0,1387122.0,1255016.0,"869,800",927345.0,2017,1947.0,11440,2047.0,4.0,2.0,4500,
513,21266078,1302 W 223rd St, Torrance CA 90501,33.8242339993,-118.299650086,0,672245.0,705857.0,638633.0,"459,700",430420.0,2017,1979.0,3484,2364.0,4.0,2.0,3000,
514,21336966,24245 Ward St, Torrance CA 90505,33.8024126964,-118.34899336,0,972609.0,1021239.0,923979.0,"790,000",284911.0,2017,1920.0,5981,2000.0,4.0,2.0,2950,
515,21327390,5321 Jacques St, Torrance CA 90503,33.83093456,-118.37034647,0,1240347.0,1302364.0,1178330.0,"809,400",233708.0,2017,1955.0,8595,2366.0,3.0,3.0,4000,
516,21274773,1625 Maple Ave, Torrance CA 90503,33.8319022755,-118.340137586,0,873059.0,916712.0,829406.0,"745,900",751000.0,2017,1955.0,5952,1558.0,5.0,2.0,3200,
517,21278045,2460 229th Pl, Torrance CA 90505,33.8178050748,-118.327841936,0,867677.0,911061.0,824293.0,"741,900",750000.0,2017,1963.0,5821,1775.0,4.0,3.0,3250,
518,20373793,3462 W 170th St, Torrance CA 90504,33.876746368,-118.332839527,0,658930.0,691876.0,625984.0,"630,700",298597.0,2017,1974.0,116183,1542.0,3.0,3.0,2900,
519,20369587,4033 184th St, Torrance CA 90504,33.8643511822,-118.34543643100001,0,762793.0,800933.0,724653.0,"630,700",642702.0,2017,1954.0,5357,1524.0,4.0,2.0,2800,
520,21267215,21122 Harvard Blvd, Torrance CA 90501,33.8372326944,-118.306409267,0,559206.0,587166.0,531246.0,"459,700",515000.0,2017,1949.0,8491,1313.0,3.0,2.0,2850,
521,20373364,17801 Glenburn Ave, Torrance CA 90504,33.8693551011,-118.33059881,0,710238.0,745750.0,674726.0,"630,700",359565.0,2017,1955.0,5300,1249.0,3.0,2.0,2950,
522,21330789,19417 Anza Ave, Torrance CA 90503,33.853951382,-118.364197776,0,797979.0,837878.0,758080.0,"798,600",337061.0,2017,1954.0,5405,1112.0,3.0,1.0,3100,
523,21268629,1551 W 206th St, Torrance CA 90501,33.8441319523,-118.305907458,0,562395.0,590515.0,528651.0,"459,700",381971.0,2017,1949.0,7013,1419.0,3.0,2.0,2800,
524,21327693,5028 Lee St, Torrance CA 90503,33.8358396748,-118.36664068799999,0,1016519.0,1067345.0,965693.0,"809,400",110872.0,2017,1956.0,6760,2075.0,3.0,2.0,3700,
525,21332168,20357 Madison St, Torrance CA 90503,33.847000592600004,-118.348826125,0,905076.0,950330.0,859822.0,"869,600",772731.0,2017,1964.0,6002,2108.0,4.0,2.0,3700,
526,21267210,21146 Harvard Blvd, Torrance CA 90501,33.8370821387,-118.305996871,0,674316.0,708032.0,640600.0,"459,700",332782.0,2017,1953.0,8491,2404.0,5.0,2.0,3000,
527,21265724,1349 W 221st St, Torrance CA 90501,33.8269211381,-118.301346199,0,515391.0,541161.0,489621.0,"459,700",251864.0,2017,1931.0,6500,754.0,2.0,1.0,2250,
528,21330797,5013 Deelane St, Torrance CA 90503,33.8525269517,-118.36333051700001,0,956409.0,1004229.0,908589.0,"798,600",379003.0,2017,1955.0,5701,1792.0,3.0,2.0,3600,
529,21344235,3399 Candlewood Rd, Torrance CA 90505,33.7956062775,-118.34779674100001,0,1021805.0,1072895.0,970715.0,"934,100",478412.0,2017,1975.0,5716,2050.0,4.0,3.0,3601,
530,20376581,18114 Manhattan Pl, Torrance CA 90504,33.8659690303,-118.31015343700001,0,656241.0,689053.0,623429.0,"613,300",441464.0,2017,1981.0,5812,1918.0,3.0,3.0,3000,
531,20374701,17318 Casimir Ave, Torrance CA 90504,33.8738665925,-118.32154113,0,528203.0,554613.0,501793.0,"613,300",461000.0,2017,1981.0,176904,1237.0,2.0,3.0,2700,
532,82582698,2365 Plaza del Amo, Torrance CA 90501,33.830502762399995,-118.322871972,0,501828.0,526919.0,476737.0,"459,700",441383.0,2017,2005.0,43004,1540.0,3.0,2.0,2700,
533,21333347,21730 Ladeene Ave, Torrance CA 90503,33.8325597278,-118.35923219899999,0,874133.0,917840.0,830426.0,"809,400",654223.0,2017,1956.0,6098,1140.0,3.0,2.0,3200,
534,21282836,3853 W 231st Pl, Torrance CA 90505,33.816567839899996,-118.353096364,0,1039879.0,1091873.0,987885.0,"855,300",481453.0,2017,1965.0,6769,2112.0,4.0,3.0,3700,
535,21344451,3037 Lazy Meadow Dr, Torrance CA 90505,33.7922234763,-118.34219349899999,0,1096004.0,1150804.0,1041204.0,"934,100",187574.0,2017,1975.0,5713,2561.0,5.0,3.0,3780,
536,21326804,5457-5465 Sharynne Ln, Torrance CA 90505,33.8202200231,-118.373444135,0,1712821.0,1798462.0,1627180.0,"869,800",177135.0,2017,1947.0,10977,2557.0,6.0,3.0,4812,
537,20372080,18712 Felbar Ave, Torrance CA 90504,33.8605386367,-118.338584326,0,760967.0,799015.0,722919.0,"630,700",198950.0,2017,1954.0,6897,1541.0,4.0,2.0,2950,
538,21332980,4298 Michelle Dr, Torrance CA 90503,33.8468439754,-118.35931769700001,0,1121540.0,1177617.0,1065463.0,"744,600",335191.0,2017,1979.0,6691,2434.0,4.0,3.0,3900,
539,21332814,21020 Ladeene Ave, Torrance CA 90503,33.8388765314,-118.360550211,0,1572946.0,1745970.0,1447110.0,"744,600",201902.0,2017,1963.0,6290,4271.0,8.0,6.0,3000,
540,20372274,3953 188th St, Torrance CA 90504,33.8603546077,-118.34340319299999,0,836513.0,878339.0,794687.0,"630,700",537179.0,2017,1976.0,6025,2045.0,4.0,2.0,3200,
541,65249331,4299 W 190th St, Torrance CA 90504,33.8592458319,-118.349180962,0,926908.0,973253.0,880563.0,"630,700",710406.0,2017,2004.0,131748,2580.0,4.0,4.0,3500,
542,21331622,4729 Deelane St, Torrance CA 90503,33.8523140999,-118.359005024,0,932905.0,979550.0,886260.0,"798,600",261643.0,2017,1954.0,5200,1616.0,3.0,2.0,3300,
543,21271612,2130 Plaza del Amo, Torrance CA 90501,33.8262295035,-118.31973048799999,0,610931.0,641478.0,580384.0,"595,500",353851.0,2017,1979.0,174102,1490.0,3.0,3.0,2850,
544,21278536,2445 W 232nd St, Torrance CA 90501,33.8151356943,-118.326792403,0,1278215.0,1342126.0,1214304.0,"741,900",565195.0,2017,1954.0,10149,3578.0,7.0,5.0,4071,
545,21276549,3706 W 224th St, Torrance CA 90505,33.8242045323,-118.348940863,0,811534.0,852111.0,770957.0,"819,500",592756.0,2017,1956.0,5000,1283.0,4.0,2.0,3150,
546,21336758,4730 Newton St, Torrance CA 90505,33.8078158289,-118.366959706,0,1159646.0,1217628.0,1101664.0,"744,600",286976.0,2017,1963.0,8305,1646.0,4.0,2.0,3992,
547,21327420,21832 Barbara St, Torrance CA 90503,33.829897724,-118.374293611,0,1263331.0,1326498.0,1200164.0,"809,400",510994.0,2017,1955.0,7227,2321.0,4.0,3.0,4200,
