,zpid,address,city_state_zip,latitude,longitude,message_code,zestimate,rentzestimate,valuation_high,valuation_low,valuechange,home value index,tax assessment,tax assess year,year built,lot size,finished sq ft,bedrooms,bathrooms,Housing Growth
0,20825166,1010 Omer Ln, Burbank CA 91502,34.16772625,-118.3059723,0,862895,2500,906040,819750,23936,"704,400",378788,2017,1944,6592,1612,4,2,0.332870164
1,20065948,2601 W Oak St, Burbank CA 91505,34.16142844,-118.3311956,0,1064774,3900,1118013,1011535,40688,"704,400",560430,2017,1977,6267,2161,4,2,0.458553646
2,20054209,907 E Orange Grove Ave, Burbank CA 91501,34.19017175,-118.3011539,0,816428,2800,857249,775607,18408,"704,400",137700,2017,1938,7453,1006,3,1,0.270563969
3,20049263,214 S Lincoln St, Burbank CA 91506,34.16194739,-118.3272509,0,758370,2950,796288,720452,-2574,"704,400",685000,2017,1949,7048,1156,2,2,-0.040729459
4,20060944,1600 Tulare Ave, Burbank CA 91504,34.2027229,-118.3280883,0,820865,3100,861908,779822,-786,"704,400",211628,2017,1949,8578,1431,2,1,-0.011490318
5,20047601,1516 N Lima St, Burbank CA 91505,34.17801096,-118.3468557,0,703321,3200,738487,668155,22662,"704,400",581981,2017,1940,6882,1200,2,1,0.386657017
6,20057251,2230 N Buena Vista St, Burbank CA 91504,34.1972051,-118.3377427,0,654221,2700,686932,621510,13237,"704,400",46412,2017,1949,6379,924,3,1,0.242798687
7,20055246,532 Birmingham Rd, Burbank CA 91504,34.19660393,-118.3197134,0,868592,3200,912022,825162,9215,"704,400",354264,2017,1951,7262,1332,3,2,0.127309485
8,20822902,520 E Elmwood Ave, Burbank CA 91501,34.17978178,-118.2972139,0,676454,3200,710277,642631,10864,"704,400",254891,2017,1982,23395,1743,2,3,0.192722639
9,20060170,3425 Brace Canyon Rd, Burbank CA 91504,34.21753685,-118.3219442,0,1241727,4500,1365900,1154806,-10305,"704,400",675386,2017,1979,10003,2519,3,3,-0.099587107
10,20060426,3421 Haven Way, Burbank CA 91504,34.21071341,-118.3215364,0,1394567,5500,1492187,1324839,17909,"704,400",849643,2017,1987,13677,2968,4,2.5,0.154103747
11,20051217,1009 N Brighton St, Burbank CA 91506,34.17755942,-118.336548,0,825771,3150,867060,784482,11623,"704,400",100728,2017,1929,7198,1565,3,2,0.16890397
12,20054592,1018 E Verdugo Ave, Burbank CA 91501,34.18828938,-118.2951404,0,825010,2800,866260,783760,5448,"704,400",163842,2017,1924,7622,1128,3,1,0.079242676
13,20033995,9437 Via Monique, Burbank CA 91504,34.2142758,-118.3380654,0,523220,3000,549381,497059,9013,"457,800",212667,2017,1978,195306,1244,2,3,0.206712282
14,20059331,925 Uclan Dr, Burbank CA 91504,34.20012784,-118.3139881,0,1320012,4500,1386013,1254011,10866,"704,400",620006,2017,1951,7380,3464,4,3,0.09878092
15,20058053,1801 N Kenneth Rd, Burbank CA 91504,34.19991772,-118.3183278,0,809373,3200,849842,768904,4367,"704,400",467964,2017,1951,6207,1349,3,1,0.064746415
16,20059627,849 Stephen Rd, Burbank CA 91504,34.20490133,-118.321313,0,1359750,5000,1441335,1291763,16481,"704,400",655939,2017,1954,12918,3106,4,3,0.145447325
17,20054059,807 E Magnolia Blvd, Burbank CA 91501,34.19041154,-118.3044806,0,1500091,6500,1605097,1410086,43410,"704,400",1214679,2017,1990,7548,3510,5,4,0.347258933
18,20064293,3100 W Clark Ave, Burbank CA 91505,34.1660792,-118.3391584,0,886086,3300,930390,841782,-1600,"704,400",483405,2017,1944,8186,1598,3,3,-0.021668326
19,20055053,737 Tufts Ave, Burbank CA 91504,34.19774337,-118.31565,0,896872,3595,941716,852028,11211,"704,400",610227,2017,1951,6934,1515,3,2,0.150001338
20,20051476,910 N Orchard Dr, Burbank CA 91506,34.18028372,-118.3308273,0,899636,3475,944618,854654,14633,"704,400",421617,2017,1939,5623,1670,4,3,0.195185608
21,20060255,2911 Joaquin Dr, Burbank CA 91504,34.21006714,-118.3260654,0,1033467,3800,1085140,981794,-1941,"704,400",1159820,2017,1971,7564,2119,4,2.75,-0.02253773
22,20058740,1021 N Sunset Canyon Dr, Burbank CA 91504,34.19918337,-118.3061758,0,1698486,5815,1783410,1596577,123471,"704,400",1032448,2017,1958,10018,3644,4,5,0.872336893
23,20056484,2120 N Screenland Dr, Burbank CA 91505,34.18749453,-118.3510825,0,633986,2900,665685,602287,11423,"704,400",398137,2017,1941,6751,918,2,1,0.216212976
24,20049151,201 S Orchard Dr, Burbank CA 91506,34.16574556,-118.3237469,0,1041749,3800,1104254,989662,28273,"704,400",504085,2017,1947,9449,2103,2,2,0.325679218
25,20049707,341 S Virginia Ave, Burbank CA 91506,34.16630972,-118.3168933,0,878450,3495,922372,834528,9019,"704,400",501798,2017,1944,7463,1597,4,2,0.12320337
26,20059572,837 Stanford Rd, Burbank CA 91504,34.20350595,-118.3202892,0,937694,3500,984579,890809,3432,"704,400",91156,2017,1954,8962,1588,3,2,0.043920511
27,20059084,936 Delaware Rd, Burbank CA 91504,34.19666592,-118.3089152,0,956943,3500,1004790,909096,10880,"704,400",131576,2017,1952,7429,1671,4,2,0.136434458
28,20052423,252 W Tujunga Ave, Burbank CA 91502,34.17258989,-118.3137461,0,952454,2500,1000077,904831,-15727,"704,400",350542,2017,1925,7749,1912,3,2,-0.198145002
29,20065394,347 N Fairview St, Burbank CA 91505,34.16104628,-118.3369851,0,1102554,3823,1157682,1047426,21824,"704,400",887243,2017,1926,6098,2272,4,3,0.237528502
30,60325224,1899 Thurber Pl, Burbank CA 91501,34.19386414,-118.2821878,0,1027861,3900,1079254,976468,11542,"704,400",804440,2017,1967,7824,1832,3,3,0.134749738
31,95609509,1209 E Elmwood Ave, Burbank CA 91501,34.19393631,-118.2871041,0,4278122,15626,4577591,3935872,29477,"704,400",1695427,2017,2008,313020,7288,5,5,0.082682074
32,20057080,2333 N Catalina St, Burbank CA 91504,34.19497715,-118.3415226,0,790554,3200,830082,751026,-9704,"704,400",110538,2017,1939,6861,1801,3,2,-0.147299236
33,20065838,230 N California St, Burbank CA 91505,34.15701618,-118.3365026,0,860689,3200,903723,817655,6921,"704,400",77651,2017,1948,6730,1445,3,2,0.096494785
34,20060636,2621 N Myers St, Burbank CA 91504,34.20415388,-118.3348075,0,739687,3150,776671,702703,7437,"704,400",590265,2017,1948,6098,1226,3,1,0.120651032
35,60325224,1899 Thurber Pl, Burbank CA 91501,34.19236293,-118.2794942,0,1027861,3900,1079254,976468,11542,"704,400",804440,2017,1967,7824,1832,3,3,0.134749738
36,20056249,1211 N Sparks St, Burbank CA 91506,34.18556937,-118.3283643,0,703092,2800,738247,667937,9573,"704,400",369376,2017,1947,6526,777,2,1,0.163386868
37,20058024,1818 Karen St, Burbank CA 91504,34.19940363,-118.3195163,0,960841,3500,1008883,912799,1225,"704,400",830000,2017,1951,6833,1835,3,2,0.015299097
38,20065958,316 N Florence St, Burbank CA 91505,34.1629611,-118.3334315,0,1164453,2800,1222676,1106230,34050,"704,400",669917,2017,1950,6969,2319,4,3,0.350894368
39,20821676,824 S Bel Aire Dr, Burbank CA 91501,34.18517052,-118.2905968,0,1137013,3800,1193864,1080162,4929,"704,400",383003,2017,1975,14280,2118,4,2,0.052020513
40,82867990,1715 Rudell Rd, Burbank CA 91501,34.1942678,-118.2875005,0,2974673,9367,3182900,2706952,-4451,"704,400",993209,2017,2006,739113,4424,6,7,-0.017955587
41,20060508,3434 Viewcrest Dr, Burbank CA 91504,34.20922459,-118.3211695,0,2180258,6993,2289271,2071245,42640,"704,400",1028684,2017,1985,17100,5167,4,4,0.234687821
42,20060533,3421 Kildare Ct, Burbank CA 91504,34.21834095,-118.3330396,0,1503032,8350,1593214,1412850,-96786,"704,400",1720289,2017,2001,8990,3912,4,3.5,-0.772726063
43,20052277,618 N Beachwood Dr, Burbank CA 91506,34.17796873,-118.3258047,0,916071,3295,961875,870267,-13084,"704,400",259661,2017,1947,6154,2044,3,2,-0.171392829
44,20051594,634 N Parish Pl, Burbank CA 91506,34.17536693,-118.3289753,0,802861,3200,843004,762718,18039,"704,400",118731,2017,1938,7293,1560,2,2,0.269620769
45,20046812,1612 N Pepper St, Burbank CA 91505,34.17811875,-118.3501471,0,760960,3195,799008,722912,10177,"704,400",201249,2017,1948,5845,1391,3,2,0.160486754
46,20050688,544 N Lincoln St, Burbank CA 91506,34.17086447,-118.3313745,0,750781,2850,788320,713242,11879,"704,400",303916,2017,1947,7087,911,2,1,0.189866286
47,63082999,1620 N San Fernando Blvd, Burbank CA 91504,34.19184807,-118.3244185,0,384305,2200,403520,365090,4676,"704,400",202739,2017,1964,74074,860,2,1,0.146009029
48,20053822,456 E San Jose Ave, Burbank CA 91501,34.18690558,-118.3090984,0,533120,2545,559776,506464,13176,"704,400",244721,2017,1981,20128,1246,2,2,0.296578631
49,95609509,1209 E Elmwood Ave, Burbank CA 91501,34.1946881,-118.2837795,0,4278122,15626,4577591,3935872,29477,"704,400",1695427,2017,2008,313020,7288,5,5,0.082682074
50,20057986,1914 Landis St, Burbank CA 91504,34.19542401,-118.3282248,0,863652,2450,906835,820469,14644,"704,400",65863,2017,1944,7232,1586,4,2,0.203470842
51,20057894,2204 Peyton Ave, Burbank CA 91504,34.19594973,-118.3325103,0,948524,2600,995950,901098,5695,"704,400",840000,2017,1952,7639,2082,5,2,0.072048783
52,20834498,Bicycle Path, Los Angeles CA 90039,34.14545201,-118.2773113,0,1002188,,1052297,952079,,"833,700",323300,2017,1924,7143,2000,2,2,
53,20839498,1848 Sherer Ln, Glendale CA 91208,34.17281492,-118.2243158,0,1562046,4534,1640148,1483944,52752,"893,900",514355,2017,1978,47204,2860,3,3,0.40525311
54,20819723,1914 Polaris Dr, Glendale CA 91208,34.17685938,-118.2364619,0,1243694,3570,1305879,1181509,17236,"893,900",603941,2017,1971,29567,2092,3,2,0.166304573
55,20829562,606 South St, Glendale CA 91202,34.16239881,-118.2695225,0,645286,2750,684003,567852,-12388,"792,200",55927,2017,1924,5993,1091,2,1,-0.230372269
56,20825853,1412 Lake St, Glendale CA 91201,34.15909773,-118.2926851,0,775450,3000,814222,736678,6975,"641,600",566100,2017,1964,7499,1274,3,2,0.107937327
57,20830355,730 Patterson Ave, Glendale CA 91202,34.15723007,-118.2715416,0,803921,3250,844117,763725,9868,"720,000",82337,2017,1927,5476,1543,3,2,0.147298055
58,20842955,2242 E Chevy Chase Dr, Glendale CA 91206,34.15888653,-118.2179706,0,905009,3300,950259,859759,-16440,"936,400",649588,2017,1921,9409,1504,3,2,-0.217986782
59,20826346,1314 Norton Ave, Glendale CA 91202,34.16695073,-118.27428,0,1031017,3650,1082568,979466,8579,"792,200",104517,2017,1935,12050,1804,3,2,0.099850924
60,20835948,1201 E Broadway, Glendale CA 91205,34.14656589,-118.2389996,0,931473,2500,978047,884899,13055,"438,800",363524,2017,1946,5744,2111,4,3,0.168185229
61,20827302,1510 Virginia Ave, Glendale CA 91202,34.17096136,-118.2697451,0,1580709,4950,1659744,1485866,32960,"792,200",639743,2017,1960,20898,2686,3,3,0.250216833
62,20836584,826 N Glendale Ave, Glendale CA 91206,34.15821561,-118.2397637,0,728738,2695,765175,692301,2811,"833,700",243129,2017,1923,6559,1173,2,2,0.046288241
63,20835081,CA-2, Glendale CA,34.16658192,-118.2250108,0,535754,2650,562542,508966,4863,"438,800",403864,2017,1987,24762,1133,2,3,0.108923125
64,20843472,900 Calle Del Pacifico, Glendale CA 91208,34.16505524,-118.2169434,0,1257818,4303,1320709,1194927,15571,"929,700",728681,2017,1989,7975,2618,4,3,0.148552493
65,20847283,1201 Oakridge Dr, Glendale CA 91205,34.13214153,-118.2453591,0,904467,2995,949690,859244,4504,"683,800",149549,2017,1936,6302,1724,4,3,0.059756741
66,20832280,405 Chester St, Glendale CA 91203,34.15184525,-118.270118,0,1092564,3750,1201820,1037936,41535,"452,900",693819,2017,1923,6804,2344,5,3,0.456192955
67,20829741,516 W Stocker St, Glendale CA 91202,34.16296269,-118.265855,0,1192594,2895,1276076,1132964,20069,"792,200",541128,2017,1932,6790,2726,4,2,0.201936283
68,20837133,418 Ross St, Glendale CA 91207,34.16589296,-118.2502759,0,1095225,3506,1149986,1040464,19043,"833,700",344871,2017,1930,8276,1904,3,2,0.208647538
69,20838813,1530 Arboles Dr, Glendale CA 91207,34.1707016,-118.2361483,0,1320672,4327,1386706,1254638,-10172,"1,212,100",426734,2017,1938,13457,2354,3,3,-0.092425674
70,20834069,612 N Louise St, Glendale CA 91206,34.15518495,-118.2522075,0,470014,2400,493515,446513,8122,"414,500",73242,2017,1974,14643,1042,1,2,0.207364036
71,20838325,863 Harrington Rd, Glendale CA 91207,34.16723679,-118.244023,0,1426547,4532,1540671,1355220,-9555,"833,700",787119,2017,1958,17535,2524,3,3,-0.080375901
72,20839038,1333 Rossmoyne Ave, Glendale CA 91207,34.16514575,-118.2389085,0,1224662,4174,1285895,1163429,51792,"833,700",737070,2017,1925,7497,2327,3,3,0.50749023
73,20828151,264 W Kenneth Rd, Glendale CA 91202,34.16855908,-118.2594449,0,912249,3800,957861,866637,10108,"474,200",743412,2017,1925,8359,1576,3,2,0.132963697
74,20827776,310 Wonderview Dr, Glendale CA 91202,34.17712677,-118.2597972,0,1173670,5000,1232353,1114987,114078,"1,278,200",1128000,2017,1967,7708,2314,2,3,1.166372149
75,20832797,124 W Garfield Ave, Glendale CA 91204,34.13550463,-118.2559397,0,1136388,2600,1238663,1045477,68784,"411,400",823063,2017,1914,7056,2448,5,4,0.726343467
76,20838610,911 Kilmary Ln, Glendale CA 91207,34.17851002,-118.2439758,0,1064218,3878,1117429,1011007,26418,"1,212,100",171407,2017,1973,9136,1938,3,2,0.297886335
77,20827774,225 Wonderview Dr, Glendale CA 91202,34.1774876,-118.2572281,0,1356699,5000,1424534,1288864,-15602,"1,278,200",991206,2017,1973,14531,2664,4,3,-0.137999659
78,55822880,1910 Las Flores Dr, Glendale CA 91207,34.17215258,-118.2314483,0,1983120,3995,2121938,1864133,67984,"1,212,100",1545465,2017,1954,34,2,5,4,0.411376014
79,20842468,1505 Lynglen Dr, Glendale CA 91206,34.15405281,-118.2306986,0,1449929,4800,1522425,1333935,-1623,"791,800",1068922,2017,1961,14617,2888,3,4,-0.013432382
80,20831646,453 Salem St, Glendale CA 91203,34.14898917,-118.2641712,0,1105383,2450,1193814,1039060,32643,"452,900",463057,2017,1910,7075,2306,4,3,0.35437129
81,20844357,1724 E Chevy Chase Dr, Glendale CA 91206,34.15398182,-118.2268565,0,938206,2800,985116,891296,17589,"791,800",572159,2017,1924,6885,2029,4,4,0.224969783
82,20832767,204 W Windsor Rd, Glendale CA 91204,34.13621766,-118.2564287,0,1575658,2700,1685954,1402336,895,"411,400",635186,2017,1923,7220,4504,5,4,0.0068162
83,20838625,901 Penshore Terrace, Glendale CA 91207,34.17633904,-118.2455293,0,1326316,4500,1405895,1260000,39831,"1,212,100",841724,2017,1973,13831,2448,4,3,0.360375657
84,20854338,420 W Elk Ave, Glendale CA 91204,34.14149912,-118.2616929,0,761199,2750,806871,723139,2237,"411,400",210101,2017,1910,6233,1127,3,2,0.035265417
85,20828793,417 Spencer St, Glendale CA 91202,34.1672184,-118.2632293,0,957141,3500,1004998,909284,2680,"474,200",328632,2017,1945,6367,1858,4,3,0.033600065
86,20832687,713 S Louise St, Glendale CA 91205,34.13804507,-118.2526266,0,1066149,2250,1151441,927550,40424,"448,000",66489,2017,1920,9992,2388,7,4,0.454990813
87,20827561,652 Robin Glen Dr, Glendale CA 91202,34.17753812,-118.2706621,0,2554668,7233,2707948,2426935,-63033,"1,278,200",1652400,2017,1977,63597,4219,4,5,-0.296083875
88,2109373749,CA-2, Glendale CA,34.16568642,-118.2246507,0,785601,2400,1201970,542065,9200,"452,900",286946,2017,1987,20084,967,2,1,0.140529353
89,20819771,1319 Branta Dr, Glendale CA 91208,34.17936014,-118.238925,0,1335953,4500,1402751,1269155,20109,"893,900",812862,2017,1968,15310,2681,4,3,0.180626115
90,20847872,1604 S Adams St, Glendale CA 91205,34.12724358,-118.2389303,0,826171,2500,875741,776601,-2824,"683,800",58253,2017,1960,4849,1650,4,2,-0.041018143
91,20835081,CA-2, Glendale CA 91206,34.14807533,-118.2263569,0,535754,2650,562542,508966,4863,"438,800",403864,2017,1987,24762,1133,2,3,0.108923125
92,20826658,1219 Bruce Ave, Glendale CA 91202,34.16575227,-118.2802588,0,819542,3750,860519,778565,18818,"792,200",704180,2017,1938,6942,1432,3,2,0.275539265
93,20835144,521 Galer Pl, Glendale CA 91206,34.15347669,-118.2390982,0,899720,3300,944706,845737,-4265,"438,800",621331,2017,1927,6364,2024,3,2,-0.056884364
94,20854558,349 W Garfield Ave, Glendale CA 91204,34.13598667,-118.2600376,0,803213,2675,843374,763052,21820,"411,400",379174,2017,1912,5145,1430,3,1,0.32599074
95,20849874,900 S Verdugo Rd, Glendale CA 91205,34.13592723,-118.2332431,0,784945,3000,824192,745698,19887,"510,200",291118,2017,1927,5549,1408,3,1,0.304026397
96,20839224,1076 Kildonan Dr, Glendale CA 91207,34.17559792,-118.2402684,0,1672206,5730,1755816,1588596,36111,"1,212,100",979241,2017,1979,11474,3732,5,4,0.259137929
97,20842582,562 Luton Dr, Glendale CA 91206,34.15419257,-118.2347396,0,807202,3350,847562,766842,2237,"791,800",538003,2017,1929,7452,1463,3,1,0.033255616
98,20832162,612 W Milford St, Glendale CA 91203,34.15232162,-118.2676706,0,600080,2500,630084,552074,3735,"452,900",244074,2017,1922,6022,892,4,1,0.074690041
99,20838598,903 Chudleigh Ln, Glendale CA 91207,34.17126709,-118.2432172,0,1345588,4500,1426323,1278309,-14531,"1,212,100",315050,2017,1969,13358,2470,3,3,-0.129587957
100,20837785,1901 Rimcrest Dr, Glendale CA 91207,34.17408437,-118.2537007,0,1233803,4553,1295493,1172113,88679,"1,278,200",701097,2017,1979,7496,2620,3,3,0.862494256
101,79799493,428 W California Ave, Glendale CA 91203,34.14970892,-118.2626066,0,504733,2500,529970,479496,-2459,"452,900",369803,2017,2005,13856,1070,2,3,-0.058462593
102,20823162,1420 El Miradero Ave, Glendale CA 91201,34.17745983,-118.2801397,0,927141,3795,973498,880784,15391,"850,900",822812,2017,1927,6401,1802,3,2,0.199205946
103,20847577,1505 Wellesley Dr, Glendale CA 91205,34.12751043,-118.2404065,0,827307,2600,868672,785942,20441,"683,800",27801,2017,1925,3484,866,2,1,0.29649453
104,20843514,951 Calle Del Pacifico, Glendale CA 91208,34.16276931,-118.2182871,0,1435881,4750,1579469,1349728,31211,"929,700",1277000,2017,1989,10345,2528,4,3,0.260837771
105,20838613,900 Kilmary Ln, Glendale CA 91207,34.17774315,-118.2446849,0,1426930,5400,1498276,1341314,-19622,"1,212,100",716244,2017,1974,9840,3066,4,3,-0.165014402
106,20835612,1243 E Wilson Ave, Glendale CA 91206,34.14808706,-118.237831,0,4477097,2700,4880036,3895074,147715,"438,800",420410,2017,1937,18556,6786,14,11,0.395921732
107,20846678,516 Raleigh St, Glendale CA 91205,34.13788973,-118.2491439,0,1553505,2475,1662250,1382619,135249,"448,000",480872,2017,1921,7489,3691,5,5,1.044726602
108,20846826,410 E Windsor Rd, Glendale CA 91205,34.13698121,-118.2508837,0,1141251,2500,1255376,1049951,25360,"448,000",611476,2017,1913,6844,2725,3,4,0.26665475
109,20826223,1107 Glenwood Rd, Glendale CA 91202,34.16711055,-118.2779653,0,1064566,3500,1117794,1011338,219285,"792,200",777904,2017,1925,8976,2100,5,3,2.471824199
110,20819522,2211 Bonita Dr, Glendale CA 91208,34.18001499,-118.2318568,0,1022745,3200,1073882,971608,5800,"893,900",29711,2017,1884,14289,1658,1,2,0.068052154
111,20838810,1620 Lamego Dr, Glendale CA 91207,34.17076582,-118.2354547,0,2110737,6317,2216274,2005200,-28193,"1,212,100",1607153,2017,1949,49789,2950,3,3,-0.160283351
112,20830090,720 Burchett St, Glendale CA 91202,34.15808951,-118.2720619,0,809380,3250,849849,768911,13777,"720,000",465998,2017,1925,5967,1517,3,2,0.204260051
113,20843026,649 Solway St, Glendale CA 91206,34.15818805,-118.2234361,0,858470,3325,901393,815547,7784,"936,400",697119,2017,1955,8037,1360,3,2,0.10880753
114,20844037,901 Lorinda Dr, Glendale CA 91206,34.15811037,-118.231771,0,966167,3500,1014475,917859,26945,"791,800",395397,2017,1957,8555,2001,3,2.5,0.334662641
115,20829751,545 South St, Glendale CA 91202,34.16294922,-118.2666863,0,537498,2700,564373,510623,12411,"792,200",459000,2017,1987,7153,1100,2,2.5,0.277083822
116,20819704,1416 Colina Dr, Glendale CA 91208,34.17703262,-118.2340371,0,1095668,3867,1150451,1040885,-6261,"893,900",880220,2017,1967,13812,1920,3,2,-0.068571867
117,20842481,410 Canyon Dr, Glendale CA 91206,34.15209163,-118.2344219,0,636553,3100,668381,598360,10473,"791,800",528121,2017,1936,6708,1470,2,1,0.197432107
118,20337825,916 Holly St, Inglewood CA 90301,33.9515921,-118.3642354,0,477816,2350,501707,453925,5161,"415,200",64935,2017,1930,3899,720,2,1,0.129614747
119,20333202,223 Stepney St, Inglewood CA 90302,33.97172091,-118.3545158,0,421203,2175,442263,395931,27416,"415,200",355540,2017,1923,871,768,2,1,0.781077058
120,20340510,8716 Endsleigh Ave, Inglewood CA 90305,33.95906142,-118.3396068,0,422383,2500,443502,401264,6127,"415,200",259001,2017,1987,70633,1199,3,2,0.174069506
121,20340283,8808 Penridge Pl, Inglewood CA 90305,33.95641753,-118.3362315,0,563314,2850,591480,535148,5741,"415,200",295265,2017,1986,126260,1922,3,3,0.122297688
122,20324062,216 W 64th Pl, Inglewood CA 90302,33.98004395,-118.3610813,0,816684,2950,857518,775850,9562,"415,200",456062,2017,1937,6142,2254,4,3,0.140499875
123,20344376,3746 W 107th St, Inglewood CA 90303,33.93870113,-118.3390709,0,927684,2500,992622,844192,-36780,"415,200",680000,2017,1990,7834,2878,8,6,-0.475765455
124,51582098,4954 Lennox Blvd, Inglewood CA 90304,33.93760093,-118.3655594,0,810058,2500,850561,769555,13992,"415,200",53913,2017,1960,9136,2276,6,2,0.207274047
125,20332696,470 Edgewood St, Inglewood CA 90302,33.97079918,-118.3523934,0,690799,2800,725339,656259,2192,"415,200",124375,2017,1959,6545,1840,3,2,0.038077646
126,2091789210,1 E Regent St, Inglewood CA 90301,33.96471458,-118.3550586,0,449133,2550,543451,426676,1991,"415,200",281345,2017,1955,6753,1600,3,3,0.053195824
127,20347094,10707 Felton Ave, Inglewood CA 90304,33.93894764,-118.3659192,0,666091,2900,699396,632786,12956,"415,200",363478,2017,1949,6493,1744,3,2,0.233409549
128,20329367,2523 W 80th St, Inglewood CA 90305,33.96644361,-118.3211014,0,584478,2975,613702,555254,-2068,"415,200",59738,2017,1939,6223,1723,3,2,-0.042458399
129,20343717,3428 W 111th St, Inglewood CA 90303,33.93474895,-118.3328209,0,684829,2200,719070,650588,15045,"415,200",228506,2017,1915,11877,1800,4,3,0.263627855
130,20331988,525 Hargrave St, Inglewood CA 90302,33.97909093,-118.3515035,0,829466,2500,870939,787993,-3892,"415,200",357306,2017,1923,6250,2366,6,4,-0.056306105
131,20323996,309 W 64th Pl, Inglewood CA 90302,33.98053646,-118.3625925,0,612325,3000,642941,581709,9828,"415,200",276765,2017,1930,6213,1025,2,1,0.192603601
132,20329133,3012 W 83rd St, Inglewood CA 90305,33.96291835,-118.3260782,0,602695,2900,632830,572560,17973,"415,200",447138,2017,1940,6250,1490,3,2,0.357852645
133,20330230,3211 W 81st St, Inglewood CA 90305,33.96565304,-118.3281079,0,656178,2895,688987,623369,5486,"415,200",600514,2017,1961,8479,1769,3,2,0.100326436
134,20340842,8915 S 6th Ave, Inglewood CA 90305,33.95690297,-118.3232682,0,595474,2900,625248,565700,8415,"415,200",162420,2017,1931,6750,1513,3,1,0.169579192
135,20330176,3206 W 82nd St, Inglewood CA 90305,33.96427473,-118.3279513,0,572913,2750,601559,544267,4218,"415,200",202468,2017,1940,5956,1180,2,1,0.088348493
136,20334524,5 Pine Ct, Inglewood CA 90302,33.96922538,-118.3630466,0,667626,2800,701007,634245,15048,"415,200",581000,2017,1979,4991,1520,4,2,0.270474787
137,20324359,209 E Fairview Blvd, Inglewood CA 90302,33.98002797,-118.3562622,0,740066,2950,784470,703063,15342,"415,200",74308,2017,1926,6510,1948,2,2,0.248767002
138,20324332,211 E 64th Pl, Inglewood CA 90302,33.98099198,-118.3564813,0,764690,2995,802924,726456,13260,"415,200",751000,2017,1926,7229,1628,4,2,0.208084322
139,20343310,3517 W 108th St, Inglewood CA 90303,33.93799844,-118.3333343,0,1059078,2350,1133213,953170,-66818,"415,200",350821,2017,1961,8315,5092,8,7,-0.757088713
140,20340161,3609 Kensley Dr, Inglewood CA 90305,33.95690922,-118.3338242,0,529317,2700,555783,502851,6367,"415,200",296672,2017,1986,113954,1437,3,3,0.144344504
141,20337667,715 Walnut St, Inglewood CA 90301,33.95469137,-118.3566592,0,924962,2500,998959,804717,-207005,"415,200",618650,2017,1952,9315,3292,6,5,-2.685580597
142,20344562,3729 W 110th St, Inglewood CA 90303,33.93602103,-118.3384563,0,794658,2400,866177,754925,30065,"415,200",266281,2017,1959,9031,2508,6,3,0.454006629
143,20343166,10509 S 6th Ave, Inglewood CA 90303,33.94060475,-118.3231575,0,663503,3000,696678,630328,4855,"415,200",313852,2017,1954,6881,1852,4,3,0.087806687
144,20343265,10703 8th Ave, Inglewood CA 90303,33.93894896,-118.3253183,0,626799,3000,658139,595459,13342,"415,200",85171,2017,1954,6674,1805,3,2,0.255431167
145,20336155,235 W Queen St, Inglewood CA 90301,33.96312722,-118.3590248,0,3073186,3000,5255148,2458549,117167,"415,200",578903,2017,1965,8995,10072,17,17,0.457506965
146,20329911,3408 W 85th St, Inglewood CA 90305,33.96144427,-118.3322769,0,632553,2950,664181,600925,-1322,"415,200",228728,2017,1941,7011,1583,3,2,-0.025079321
147,20398344,5350 W 119th St, Inglewood CA 90304,33.92523507,-118.3738951,0,796418,3200,836239,756597,7672,"415,200",284713,2017,1940,7026,1317,4,2,0.115597588
148,20353591,3518 W 118th St, Inglewood CA 90303,33.92669434,-118.3338229,0,1063165,3000,1126955,978112,-2125,"415,200",265931,2017,1966,7380,3732,6,5,-0.023984988
149,20338802,911 Larch St, Inglewood CA 90301,33.95226065,-118.3512962,0,670581,2400,710816,637052,14671,"415,200",188714,2017,1952,5194,1972,4,2,0.262536517
150,20336153,112 N Eucalyptus Ave, Inglewood CA 90301,33.96334423,-118.3591233,0,765626,2500,803907,727345,13404,"415,200",185715,2017,1948,8008,2458,3,2,0.210086909
151,20336267,632 E Regent St, Inglewood CA 90301,33.96401473,-118.3452431,0,528362,2850,554780,501944,29804,"415,200",222438,2017,1979,2696,1290,2,1.5,0.67689955
152,20329066,3005 W 82nd St, Inglewood CA 90305,33.96513041,-118.3255846,0,575224,2600,603985,546463,4487,"415,200",270915,2017,1938,5250,1320,2,2,0.093605274
153,20341500,9718 S 8th Ave, Inglewood CA 90305,33.94744423,-118.325037,0,572805,2700,601445,544165,9237,"415,200",243128,2017,1942,6752,1304,3,1,0.193510881
154,20333279,133 E Hazel St, Inglewood CA 90302,33.96916658,-118.355385,0,672570,2900,712924,638942,23335,"415,200",527000,2017,1953,4959,1410,3,3,0.41634328
155,20341272,9316 S 3rd Ave, Inglewood CA 90305,33.95188573,-118.3199161,0,596646,2795,626478,566814,6026,"415,200",64587,2017,1939,8514,1410,3,2,0.121197494
156,20347327,10705 Buford Ave, Inglewood CA 90304,33.93917481,-118.3642699,0,482218,2495,506329,458107,-5236,"415,200",33744,2017,1941,6498,806,2,1,-0.130297915
157,20339908,8808 S 11th Ave, Inglewood CA 90305,33.95766982,-118.3283658,0,572065,2950,600668,543462,290,"415,200",153717,2017,1937,6651,1396,2,1,0.006083225
158,20334153,837 Glenway Dr, Inglewood CA 90302,33.97130529,-118.3672483,0,1089224,2795,1187254,991194,72436,"415,200",581689,2017,1957,6020,3056,5,4,0.798028688
159,20341064,9101 S 4th Ave, Inglewood CA 90305,33.9551608,-118.3212761,0,557500,2600,585375,529625,-2665,"415,200",55922,2017,1949,8505,1321,2,1,-0.057363229
160,20336450,615 Manchester Dr, Inglewood CA 90301,33.96076615,-118.3469545,0,638143,2750,670050,606236,23178,"415,200",76789,2017,1926,7292,1660,4,2,0.435852152
161,20378011,5310 W 64th St, Inglewood CA 90302,33.9822547,-118.373674,0,952779,3900,1000418,905140,8941,"415,200",365974,2017,1985,4963,2437,4,3,0.112609535
162,20341270,9306 S 3rd Ave, Inglewood CA 90305,33.95238704,-118.3197354,0,518033,2650,543935,492131,3832,"415,200",51074,2017,1940,8509,969,2,1,0.088766546
163,20345660,10609 S Freeman Ave, Inglewood CA 90304,33.93962554,-118.3487039,0,452676,2500,475310,430042,-1669,"415,200",196081,2017,1924,4242,1040,3,1,-0.044243565
164,20335875,320 W Regent St, Inglewood CA 90301,33.96410456,-118.3609031,0,817482,2300,858356,776608,26667,"415,200",119390,2017,1942,9885,2076,4,3,0.391450821
165,20331438,923 E Hyde Park Blvd, Inglewood CA 90302,33.97857766,-118.3424182,0,592343,2500,621960,562726,8799,"415,200",350186,2017,1923,5411,1673,4,2,0.178254829
166,20343815,11148 Lemoli Ave S, Inglewood CA 90303,33.93358493,-118.3302709,0,554238,2800,581950,526526,-6209,"415,200",305482,2017,1979,5261,1607,3,2,-0.134433222
167,20341522,9829 S 7th Ave, Inglewood CA 90305,33.94566823,-118.3244898,0,543048,2700,570200,515896,3342,"415,200",52847,2017,1942,8746,1150,3,1,0.073849825
168,20684553,3008 Glenridge Ave, Alhambra CA 91801,34.0911178,-118.1566352,0,756890,2950,794734,719046,24247,"572,600",753336,2017,1927,6181,1814,4,1.5,0.384420457
169,20715159,2240 Hitchcock Dr, Alhambra CA 91803,34.06710792,-118.1417284,0,683817,2500,718008,649626,11665,"572,600",86029,2017,1947,6502,1225,3,1,0.20470389
170,20717413,1801 S 4th St, Alhambra CA 91803,34.0739436,-118.1268662,0,728087,2900,764491,691683,8162,"572,600",663000,2017,1910,7612,1658,3,1,0.134522385
171,20711947,777 E Valley Blvd, Alhambra CA 91801,34.07947355,-118.1155826,0,428771,2400,450210,407332,8090,"572,600",158768,2017,1963,474206,1103,2,2,0.226414566
172,20683490,415 Winthrop Dr, Alhambra CA 91803,34.08707631,-118.1584843,0,734073,2700,770777,697369,14124,"572,600",310442,2017,1932,6997,1513,3,2,0.230887119
173,119679558,428 W Main St, Alhambra CA 91801,34.09257613,-118.1318169,0,577022,2500,605873,548171,6120,"572,600",424155,2017,2012,28567,1070,2,2,0.127274177
174,20716036,1600 Date Ave, Alhambra CA 91803,34.07473895,-118.1475279,0,806696,2700,847031,766361,20495,"572,600",519907,2017,1928,6619,2146,3,2,0.304873211
175,20698034,1124 N Story Pl, Alhambra CA 91801,34.10794538,-118.1303853,0,934567,3100,981295,887839,-11438,"572,600",86139,2017,1941,9369,1413,2,2,-0.146865875
176,20683599,2814 Poplar Blvd, Alhambra CA 91803,34.09081347,-118.1547275,0,623934,2500,655131,592737,11200,"572,600",441013,2017,1937,4677,1208,2,1,0.215407399
177,20713210,3005 Glenaven Ave, Alhambra CA 91803,34.07220932,-118.1571132,0,704297,2750,739512,669082,5071,"572,600",324449,2017,1935,7976,1440,2,1,0.08640105
178,20683447,2201 W Commonwealth Ave, Alhambra CA 91803,34.08817096,-118.1468638,0,769879,2950,808373,731385,18217,"572,600",539932,2017,1930,6704,2028,3,2,0.283945919
179,20705745,513 N El Molino St, Alhambra CA 91801,34.10507022,-118.1190259,0,863162,3100,906320,820004,11906,"572,600",647230,2017,1938,7884,1466,3,1.5,0.165521652
180,20698073,1121 N Monterey St, Alhambra CA 91801,34.10623358,-118.1325515,0,2488475,5194,2637784,2164973,93181,"572,600",554378,2017,1937,6083,3757,3,4,0.449340259
181,20717621,1423 S Almansor St, Alhambra CA 91801,34.07791917,-118.1169595,0,780995,2225,820045,741945,19513,"572,600",362761,2017,1951,8405,1892,4,3,0.29981754
182,20709037,105 E Beacon St, Alhambra CA 91801,34.09200924,-118.1230274,0,575805,2500,604595,547015,37082,"572,600",457980,2017,1989,13241,1350,3,3,0.772803293
183,20708916,412 S 2nd St, Alhambra CA 91801,34.08980755,-118.1255794,0,1064542,3500,1117769,1011315,6850,"572,600",532468,2017,1996,7499,2861,4,4,0.077216305
184,20709314,529 E Mission Rd, Alhambra CA 91801,34.09224936,-118.112439,0,557161,2460,585019,529303,-2197,"572,600",194909,2017,1980,871,1610,3,3,-0.047318459
185,20716464,1600 S Campbell Ave, Alhambra CA 91803,34.07477779,-118.1427339,0,796711,2800,836547,756875,19885,"572,600",178129,2017,1965,7907,2040,3,2,0.299506345
186,20697444,612 N Atlantic Blvd, Alhambra CA 91801,34.09929532,-118.1343139,0,680295,2500,714310,625871,11585,"572,600",36070,2017,1922,3924,1032,3,1,0.204352524
187,20684184,2920 Concord Ave, Alhambra CA 91803,34.0841679,-118.155266,0,703671,2395,738855,668487,10146,"572,600",230286,2017,1955,8443,1496,4,2,0.173024041
188,20684535,210 Hampden Terrace, Alhambra CA 91801,34.08986668,-118.1584202,0,674415,2600,708136,640694,28826,"572,600",205360,2017,1952,5668,1193,3,2,0.512906741
189,20713407,1711 La Golondrina Ave, Alhambra CA 91803,34.07332665,-118.1530929,0,707809,2800,743199,672419,5471,"572,600",280750,2017,1935,7309,1497,2,1,0.092753836
190,20717568,1432 S Chapel Ave, Alhambra CA 91801,34.07743444,-118.1197143,0,963024,2500,1030436,914873,24481,"572,600",450229,2017,1948,9748,2649,4,4,0.305051587
191,20697648,700 N Marguerita Ave, Alhambra CA 91801,34.10004631,-118.1376768,0,820846,3200,861888,771595,34358,"572,600",616000,2017,1912,6500,1672,3,1,0.502281792
192,20710778,219 E San Marino Ave, Alhambra CA 91801,34.08307806,-118.1200402,0,800789,2900,840828,760750,19867,"572,600",646825,2017,1935,7694,1781,3,2,0.297711382
193,20712483,1224 Benito Ave, Alhambra CA 91803,34.07831501,-118.1396004,0,655976,2395,688775,623177,18240,"572,600",162595,2017,1927,5603,1443,3,2,0.333670744
194,20717884,1705 S Vega St, Alhambra CA 91801,34.07499919,-118.1114377,0,770995,2495,809545,732445,21147,"572,600",380065,2017,1947,6259,1937,4,3,0.329138321
195,20706104,337 N Story Pl, Alhambra CA 91801,34.10127519,-118.1248392,0,1255996,3694,1356476,1193196,74928,"572,600",538802,2017,1925,15690,2573,3,2,0.715874891
196,20709752,1002 E Beacon St, Alhambra CA 91801,34.0951972,-118.1146242,0,712427,2150,748048,676806,7352,"572,600",237380,2017,1925,6954,1412,2,2,0.123835846
197,20716342,1723 S Raymond Ave, Alhambra CA 91803,34.07305187,-118.1456514,0,677864,2500,711757,643971,10295,"572,600",139975,2017,1936,6600,1228,2,1,0.182248947
198,20660995,2012 S Monterey St, Alhambra CA 91801,34.07093874,-118.1204439,0,780057,2800,819060,741054,25071,"572,600",252311,2017,1936,6521,1807,3,2,0.385679508
199,20716476,1517 S Marengo Ave, Alhambra CA 91803,34.07550528,-118.1422367,0,786921,2500,826267,747575,14124,"572,600",263635,2017,1925,11146,1811,3,3,0.215381214
200,20721601,1-3 Halsted Cir, Alhambra CA 91801,34.10382744,-118.1159519,0,956514,3000,1004340,908688,9674,"572,600",100115,2017,1951,7713,1901,3,2,0.121365709
201,20711304,1138 Geranio Dr, Alhambra CA 91801,34.08140355,-118.1092678,0,612615,2500,643246,575858,13122,"572,600",323581,2017,1948,5812,1212,3,1,0.257035822
202,20706242,423 N Garfield Ave, Alhambra CA 91801,34.09967859,-118.1306283,0,1157767,2395,1250388,1099879,32664,"572,600",401178,2017,1948,7726,2701,2,3,0.338555167
203,20718221,1805 S Sierra Vista Ave, Alhambra CA 91801,34.07381367,-118.1185178,0,674468,2600,708191,640745,12660,"572,600",580000,2017,1928,7505,1198,3,2,0.225244192
204,20697762,617 N Dos Robles Pl, Alhambra CA 91801,34.09892823,-118.1390399,0,697495,2600,732370,662620,-250,"572,600",358044,2017,1925,5793,1076,3,2,-0.004301106
205,20710309,14 S Chapel Ave, Alhambra CA 91801,34.09661576,-118.121821,0,462159,2399,485267,439051,5539,"572,600",372000,2017,1972,27002,1074,3,2,0.143820633
206,20706501,113 N Almansor St, Alhambra CA 91801,34.0991987,-118.1228457,0,579410,2600,608380,550440,9655,"572,600",487877,2017,1968,84195,1672,3,3,0.19996203
207,20717406,1837 S 4th St, Alhambra CA 91803,34.07261735,-118.1270174,0,1161646,2840,1242961,1068714,8827,"572,600",845122,2017,1988,7644,3728,4,6,0.091184406
208,20711311,1125 S New Ave, Alhambra CA 91801,34.08612463,-118.1089863,0,628956,2500,660404,597508,7146,"572,600",208606,2017,1948,6494,1177,3,1,0.136340221
209,20717487,1828 S 2nd St, Alhambra CA 91801,34.07293021,-118.1239442,0,659286,2500,692250,626322,24353,"572,600",317026,2017,1923,7826,1344,3,1,0.443261346
210,20683598,301 Orange Grove Ave, Alhambra CA 91803,34.0899915,-118.1552663,0,937516,3600,993767,890640,26447,"572,600",416639,2017,1942,9602,2713,3,3,0.338515823
211,20712555,1416 Front St, Alhambra CA 91803,34.08211536,-118.1389751,0,714965,3000,750713,679217,8399,"572,600",482661,2017,1990,3049,2101,3,3,0.140969138
212,20661425,415 E Hellman Ave, Alhambra CA 91801,34.07017976,-118.1175042,0,770461,2750,808984,731938,18900,"572,600",479514,2017,1946,8134,1875,4,3,0.294369215
213,20713235,3009 Midwick Dr, Alhambra CA 91803,34.07148559,-118.1583143,0,714816,2700,750557,679075,6539,"572,600",239406,2017,1940,7800,1462,2,2,0.109773704
214,20716789,1412 S Olive Ave, Alhambra CA 91803,34.07661822,-118.1353507,0,777576,2500,816455,738697,28718,"572,600",429253,2017,1937,6820,1814,2,2,0.443192691
215,20711377,1105 Geranio Dr, Alhambra CA 91801,34.08278392,-118.1097723,0,624291,2500,655506,593076,21357,"572,600",447994,2017,1948,6006,1408,3,2,0.410520094
216,20707428,319 N Palm Ave, Alhambra CA 91801,34.09585621,-118.1466458,0,638839,2500,677169,600509,53986,"572,600",434931,2017,1925,4051,1327,2,2,1.014077099
217,121231226,1681 Acacia St, Alhambra CA 91801,34.08985187,-118.1412776,0,713584,3300,749263,677905,7997,"572,600",659095,2017,2014,27180,1670,3,3,0.134481715
218,21233946,817 Cherry Ave, Long Beach CA 90813,33.77754728,-118.167895,0,1065030,2350,1139582,979828,115180,"315,000",650328,2017,1923,6486,3390,8,5,1.29776626
219,21226395,2900 E 7th St, Long Beach CA 90804,33.77503406,-118.1578571,0,866350,3000,918331,814369,37230,"534,700",609730,2017,1908,7251,2072,5,2,0.515680729
220,21226329,625 Coronado Ave, Long Beach CA 90814,33.77409623,-118.1538201,0,1040267,2300,1102683,936240,17570,"534,700",390751,2017,1911,6751,2696,6,4,0.202678735
221,21194495,2435 Pine Ave, Long Beach CA 90806,33.80151938,-118.1927523,0,532704,2500,559339,506069,-5608,"474,200",290466,2017,1938,4991,1356,2,1,-0.126329068
222,2146964408,646 Nebraska Ave, Long Beach CA 90802,33.77509662,-118.1732333,0,349983,2295,370982,293986,4322,"315,000",239000,2017,1986,6743,892,2,2,0.148190055
223,21285056,2543 Fashion Ave, Long Beach CA 90812,33.80377356,-118.2090476,0,505077,2600,530331,479823,12768,"393,800",206354,2017,1929,5228,1725,4,2,0.303351766
224,21148805,E Rd, Long Beach CA 90810,33.79723997,-118.2257628,0,484625,2600,508856,460394,-14796,"391,700",445000,2017,1942,5200,1246,2,2,-0.366369874
225,21230235,3401 E First St, Long Beach CA 90803,33.7625478,-118.1520125,0,650295,2700,682810,617780,950,"725,800",402269,2017,1966,5516,1459,2,2,0.017530505
226,21192471,2371 Magnolia Ave, Long Beach CA 90806,33.79997385,-118.1985587,0,740869,2200,777912,703826,29326,"474,200",407311,2017,1941,7119,2712,4,3,0.474998954
227,21235386,422 E 14th St, Long Beach CA 90813,33.78347883,-118.1873642,0,622363,2450,653481,591245,1810,"397,200",198631,2017,1914,2252,2298,4,2,0.034899247
228,21284962,2534 Adriatic Ave, Long Beach CA 90810,33.80325655,-118.2143042,0,523813,2150,550004,497622,17219,"393,800",189760,2017,1960,5097,1806,5,2,0.394469019
229,21192935,1936 Maine Ave, Long Beach CA 90806,33.79249903,-118.2001979,0,531982,2400,558581,505383,11582,"474,200",362443,2017,1937,6969,1164,3,1,0.26125696
230,21248206,1810 W Wilma Pl, Long Beach CA 90810,33.80478921,-118.2171837,0,514860,2500,540603,489117,27123,"393,800",330381,2017,1942,6601,1498,2,2,0.632164083
231,21229342,1 Junipero Ave, Long Beach CA 90803,33.76348236,-118.1667232,0,488919,2500,513365,464473,6074,"481,600",450000,2017,1967,13271,1208,2,2,0.149079909
232,2128664093,500 Orange Ave, Long Beach CA 90802,33.77271151,-118.1763238,0,486709,2495,671658,369899,8442,"315,000",407311,2017,1941,7119,575,1,1,0.208140799
233,21237255,855 Lime Ave, Long Beach CA 90813,33.7775288,-118.1838397,0,510957,2500,536505,485409,20020,"288,800",86434,2017,1918,5002,1550,3,2,0.470176551
234,21195445,2680 Cedar Ave, Long Beach CA 90806,33.80596193,-118.1944365,0,547232,2600,574594,519870,-262,"474,200",375030,2017,1941,6000,1266,2,1.5,-0.005745278
235,21225816,265 Loma Ave, Long Beach CA 90803,33.76739101,-118.1507171,0,1449250,2300,1521712,1376788,24260,"725,800",515998,2017,1976,6075,3100,6,5,0.200876315
236,21225251,374 Redondo Ave, Long Beach CA 90814,33.77089428,-118.152183,0,1361631,2600,1470561,1293549,-8164,"725,800",116355,2017,1935,12501,3234,8,3,-0.071949008
237,21228852,508 Cherry Ave, Long Beach CA 90802,33.77369902,-118.1671902,0,670192,2350,703702,636682,10560,"534,700",144664,2017,1912,5190,976,2,1,0.189080144
238,21226468,3211 E Wilton St, Long Beach CA 90804,33.78786468,-118.1541856,0,1152661,2250,1279454,1048922,-21733,"334,100",649354,2017,1966,6751,4191,9,5,-0.226255595
239,21230492,2625 E Ocean Blvd, Long Beach CA 90803,33.76328126,-118.1617129,0,3200442,5800,3584495,2976411,-58633,"512,800",2582243,2017,1930,10999,7100,6,6,-0.219843384
240,21192620,1925 San Francisco Ave, Long Beach CA 90806,33.79222214,-118.2037033,0,552561,2700,580189,524933,10126,"474,200",184848,2017,1947,6359,1700,5,3,0.219906942
241,21233150,437 Zona Ct, Long Beach CA 90802,33.77247029,-118.180723,0,501660,2400,526743,456511,4902,"315,000",72602,2017,1919,3765,1236,3,2,0.117258701
242,21225633,2844 E 3rd St, Long Beach CA 90814,33.76788108,-118.1578999,0,358388,2095,376307,340469,4685,"481,600",304470,2017,1972,15000,808,1,1,0.156869092
243,21229342,1 Junipero Ave, Long Beach CA 90803,33.76289206,-118.1649821,0,488919,2500,513365,464473,6074,"481,600",450000,2017,1967,13271,1208,2,2,0.149079909
244,2130922456,1626 Obispo Ave, Long Beach CA 90804,33.7871623,-118.1541248,0,341515,2200,375666,297118,7177,"334,100",150432,2017,1925,6098,900,2,1,0.252182188
245,21195087,3041 Cedar Ave, Long Beach CA 90806,33.81250518,-118.194951,0,509191,2526,534651,483731,6127,"474,200",422636,2017,1917,5401,1129,3,1,0.144393754
246,21196843,930 E Dayman St, Long Beach CA 90806,33.79055636,-118.1810403,0,442894,2300,465039,420749,982,"397,200",293904,2017,1915,5837,1068,3,2,0.026606818
247,21226851,3116 E 15th St, Long Beach CA 90804,33.78590551,-118.1551977,0,778829,2800,817770,739888,8637,"334,100",673776,2017,1921,6534,2464,7,0.5,0.133076709
248,21197028,2014 Lewis Ave, Long Beach CA 90806,33.79387971,-118.1791584,0,696146,2100,751838,640454,-2643,"397,200",600363,2017,1912,6516,2783,8,4,-0.045559409
249,21235696,718 N Loma Vista Dr, Long Beach CA 90813,33.7759835,-118.2013886,0,641030,2250,673081,608979,15241,"322,000",331169,2017,1919,7992,1990,5,3,0.28530958
250,21197277,1341 E Wesley Dr, Long Beach CA 90806,33.79498783,-118.1741893,0,424334,2350,445551,403117,-292,"397,200",209954,2017,1919,6590,784,2,1,-0.008257646
251,21196925,1084 E 19th St, Long Beach CA 90806,33.79108359,-118.1789133,0,686507,2300,720832,652182,823,"397,200",79782,2017,1962,2494,2100,4,4,0.014385869
252,21195113,3027 Pacific Avenue, Long Beach CA 90806,33.81219035,-118.1939352,0,497602,2400,522482,472722,11137,"474,200",155733,2017,1952,4557,980,3,2,0.268576091
253,21191866,2756 Maine Ave, Long Beach CA 90806,33.80729511,-118.200048,0,692845,2800,727487,658203,10369,"474,200",339651,2017,1938,4915,2448,4,3,0.179589952
254,21225119,372 Temple Ave, Long Beach CA 90814,33.77147469,-118.1589373,0,777760,2845,816648,738872,18066,"481,600",562989,2017,1940,6747,1300,3,2,0.278738943
256,21226074,2828 E 10th St, Long Beach CA 90804,33.77875471,-118.1582457,0,507826,2400,533217,482435,1100,"534,700",183183,2017,1908,2800,1150,2,2,0.025993155
257,21236612,628 Daisy Ave, Long Beach CA 90802,33.7751418,-118.1992004,0,316060,1975,331863,300257,4213,"303,200",132106,2017,1984,915,827,2,1,0.15995697
258,21196040,2143 Pasadena Ave, Long Beach CA 90806,33.79610736,-118.187419,0,460996,2400,484046,437946,-1786,"397,200",251971,2017,1907,7405,1162,3,2,-0.046490642
259,21231891,1139 E Ocean Blvd, Long Beach CA 90802,33.76592438,-118.1780459,0,413853,2400,434546,393160,-4971,"523,600",310673,2017,1959,435,1104,2,2,-0.144138136
260,21229342,1 Junipero Ave, Long Beach CA 90803,33.75926082,-118.1644195,0,488919,2500,513365,464473,6074,"481,600",450000,2017,1967,13271,1208,2,2,0.149079909
261,21228451,1099 St Louis Ave, Long Beach CA 90804,33.78059295,-118.1669925,0,360189,1995,378198,342180,-10974,"352,900",330000,2017,1922,1632,700,1,1,-0.365608056
262,21285437,2370 Fashion Ave, Long Beach CA 90810,33.80025647,-118.2087225,0,440881,2250,462925,418837,2113,"393,800",99089,2017,1942,5119,1098,3,1,0.057512118
263,21192636,1935a Golden Ave, Long Beach CA 90806,33.79262481,-118.2024434,0,554975,2300,582724,527226,9272,"474,200",168300,2017,1931,6591,1156,2,2,0.200484707
264,21191988,2676 San Francisco Ave, Long Beach CA 90806,33.80577447,-118.2033368,0,573616,2650,602297,544935,2838,"474,200",189701,2017,1941,6519,1578,3,2,0.059370729
265,21229342,1 Junipero Ave, Long Beach CA 90803,33.75602098,-118.1716627,0,488919,2500,513365,464473,6074,"481,600",450000,2017,1967,13271,1208,2,2,0.149079909
266,111372468,905 Atlantic Ave, Long Beach CA 90813,33.77804376,-118.1852257,0,315035,1800,333937,299283,4491,"288,800",238263,2017,1958,22564,730,2,1,0.171066707
267,21233828,1077 Gaviota Ave, Long Beach CA 90813,33.78043432,-118.1713439,0,712123,2100,747729,676517,2187,"315,000",421634,2017,1930,6114,2296,5,3,0.036853184
268,21235693,739 Maine Ave, Long Beach CA 90813,33.77610967,-118.2011357,0,823426,2300,872832,741083,42831,"322,000",152995,2017,1931,6707,3163,8,4,0.624187237
269,21228196,1436B Cherry Ave, Long Beach CA 90813,33.78560659,-118.1675233,0,348453,1795,365876,313608,28224,"334,100",97080,2017,1923,1440,520,1,1,0.971976135
270,21154476,E Rd, Long Beach CA 90810,33.79544429,-118.2255092,0,314012,2250,329713,282611,2149,"391,700",202127,2017,1949,2278,441,1,0.75,0.08212425
271,21196908,1865 Lewis Ave, Long Beach CA 90806,33.79074997,-118.1798893,0,485100,2750,509355,460845,-215,"397,200",413000,2017,1990,2601,1424,3,3,-0.005318491
272,2109184731,416 Maine Ave, Long Beach CA 90802,33.77200108,-118.2003737,0,447312,2300,563613,375742,6550,"303,200",216376,2017,1991,54306,1025,2,2,0.175716279
273,21248278,2640 Santa Fe Ave, Long Beach CA 90810,33.80543234,-118.2152285,0,670827,2460,704368,637286,6186,"393,800",650000,2017,1942,7954,2562,4,4,0.110657442
274,20627590,152 N Park View St, Los Angeles CA 90026,34.06951988,-118.2727264,0,729218,2800,765679,692757,38850,"494,000",165077,2017,1913,7993,1135,2,1,0.639314992
275,20744068,2518 Berkeley Ave, Los Angeles CA 90026,34.08533436,-118.2651562,0,936917,2500,983763,861964,13363,"910,300",42810,2017,1921,6706,856,3,2,0.171152834
276,20743882,1890 Silver Lake Blvd, Los Angeles CA 90026,34.09160683,-118.2642191,0,860411,3400,903432,817390,-32880,"910,300",994165,2017,1991,6906,1400,2,2,-0.458571543
277,20744507,2225 Montana St, Los Angeles CA 90026,34.08211478,-118.2643223,0,1348463,2600,1483309,1254071,-32732,"910,300",116738,2017,1905,3988,3316,6,4,-0.291282742
278,20742926,2012 Valentine St, Los Angeles CA 90026,34.0878383,-118.2489001,0,913231,2500,1013686,840173,-1341,"737,100",216112,2017,1930,7478,1144,2,2,-0.017620952
279,20631208,145 S Dacotah St, Los Angeles CA 90063,34.03844807,-118.201005,0,442249,2250,464361,420137,4845,"379,500",260517,2017,1911,3028,1279,3,2,0.131464401
280,20630943,2822 Cincinnati St, Los Angeles CA 90033,34.04476405,-118.2011551,0,449982,2400,472481,427483,2394,"379,500",191096,2017,1921,5940,888,3,1,0.063842554
281,20632357,212 S Chicago St, Los Angeles CA 90033,34.04325276,-118.2131251,0,363683,2300,392778,341862,1599,"379,500",193482,2017,1909,1829,792,1,1,0.052760234
282,20629337,415 N Soto St, Los Angeles CA 90033,34.04825051,-118.2073593,0,490169,2250,524481,465661,4794,"379,500",108858,2017,1910,5877,1308,3,1,0.117363603
283,20740124,1421 Carroll Ave, Los Angeles CA 90026,34.07022284,-118.2556048,0,1331564,2600,1464720,1251670,31018,"737,100",371751,2017,1916,7493,3386,8,4,0.27953294
284,20637489,2434 Johnston St, Los Angeles CA 90031,34.07463002,-118.2097867,0,700260,2500,735273,665247,7900,"444,000",243320,2017,1917,10732,2737,4,2,0.135378288
285,65242578,1504 E 20th St, Los Angeles CA 90011,34.01993706,-118.2464658,0,514923,2500,540669,489177,-15260,"358,800",275722,2017,1994,5595,2000,4,2,-0.355625987
286,20740340,720 E Edgeware Rd, Los Angeles CA 90026,34.06847333,-118.2527368,0,1025722,2600,1097523,943664,43190,"737,100",585269,2017,1926,8600,1802,2,2,0.505283108
287,79805178,620 W 6th St, Los Angeles CA 90017,34.04872847,-118.2562372,0,456991,2300,479841,434141,3839,"494,600",227271,2017,1962,26607,700,1,1,0.100807237
288,20742249,2007 Lake Shore Ave, Los Angeles CA 90039,34.08972164,-118.2550295,0,1133404,3700,1224076,1076734,32804,"737,100",582507,2017,1998,7492,1444,3,2.5,0.347314814
289,20629575,1944 Sheridan St, Los Angeles CA 90033,34.05248326,-118.2120015,0,526889,2250,553233,500545,12272,"379,500",344670,2017,1924,4393,1696,3,3,0.2794972
290,20626582,435 S Lafayette Park Pl, Los Angeles CA 90057,34.06504731,-118.2827989,0,568098,2600,596503,539693,9772,"494,000",453900,2017,1981,47044,1428,2,2,0.20641509
291,20628710,156 S Pecan St, Los Angeles CA 90033,34.04548191,-118.2218792,0,508217,2400,538710,477724,5683,"622,900",154511,2017,1900,3398,1665,2,1,0.134186775
292,20629823,2450 Marengo St, Los Angeles CA 90033,34.05385265,-118.2017297,0,692157,2400,747530,657549,30506,"379,500",305097,2017,1922,8721,2288,6,4,0.528885787
293,20741715,1719 Echo Park Ave, Los Angeles CA 90026,34.08407429,-118.2543003,0,893225,2850,964683,848564,-15892,"737,100",205006,2017,1911,5613,894,2,1,-0.213500518
294,20624118,1326 Venice Blvd, Los Angeles CA 90006,34.04304069,-118.2829492,0,561215,2600,600500,505094,10089,"387,200",121817,2017,1895,5705,1046,2,1,0.215724811
295,20629892,1060 N Fickett St, Los Angeles CA 90033,34.05346399,-118.2006212,0,756611,2550,809574,688516,-9978,"379,500",434863,2017,1926,5723,3626,4,4,-0.158253052
296,20739794,1141 Laveta Terrace, Los Angeles CA 90026,34.07508618,-118.2566664,0,1113175,3542,1213361,1046384,17665,"737,100",196836,2017,1919,7041,1838,4,4,0.190428279
297,20633899,3051 Oregon St, Los Angeles CA 90023,34.03094646,-118.2051832,0,568319,2500,596735,534220,10387,"379,500",273657,2017,1905,6524,1854,5,3,0.219320487
298,20628875,656 Judson St, Los Angeles CA 90033,34.05318198,-118.2162948,0,607859,2450,644331,577466,-6450,"379,500",235307,2017,1895,6502,2060,4,2,-0.127332161
299,20628070,1627 Cortez St, Los Angeles CA 90026,34.06756647,-118.2617247,0,664682,2495,711210,624801,18349,"494,000",95850,2017,1908,3254,804,1,1,0.331268185
300,20626439,325 S Reno St, Los Angeles CA 90057,34.06766416,-118.2840232,0,970338,3505,1028558,921821,17719,"494,000",79478,2017,1904,5043,2483,3,3,0.219127768
301,20621827,450 E 31st St, Los Angeles CA 90011,34.01859526,-118.2661236,0,407910,2500,428305,387515,44180,"358,800",205342,2017,1903,3468,1198,2,1,1.299698463
302,20633222,2900 Guirado St, Los Angeles CA 90023,34.03252903,-118.2074541,0,461286,2250,484350,438222,4839,"379,500",56645,2017,1908,6621,1634,3,2,0.125882858
303,20633046,642 S Soto St, Los Angeles CA 90023,34.03623294,-118.2141219,0,640222,2395,672233,608211,12349,"379,500",192497,2017,1924,5002,2100,4,3,0.231463461
304,20619298,1150 E 40th Pl, Los Angeles CA 90011,34.00991224,-118.2553466,0,577019,2400,605870,548168,9903,"358,800",231543,2017,1951,5458,2279,7,4,0.205948158
305,20626663,420 S Lafayette Park Pl, Los Angeles CA 90057,34.06488473,-118.281174,0,317747,1960,333634,301860,3865,"494,000",125209,2017,1971,43251,715,1,1,0.145965186
306,20624152,1707 S Burlington Ave, Los Angeles CA 90006,34.04129969,-118.2821674,0,837995,2600,896655,787715,35658,"387,200",83562,2017,1890,7861,3176,5,3,0.510618798
307,20739000,2512 Marathon St, Los Angeles CA 90026,34.07811586,-118.2706551,0,1413856,2500,1625934,1329025,11198,"910,300",103039,2017,1920,7332,3488,7,4,0.095042211
308,20636228,2124 Manitou Ave, Los Angeles CA 90031,34.07164779,-118.2170383,0,601156,3095,631214,571098,-6122,"444,000",93953,2017,1926,5999,1719,4,2,-0.122204553
309,20624044,917 E Adams Blvd, Los Angeles CA 90011,34.01966791,-118.2568512,0,489061,2400,513514,454827,8517,"358,800",385883,2017,1903,7506,1984,4,2,0.208980066
310,20744229,2815 Reservoir St, Los Angeles CA 90026,34.08284049,-118.2707804,0,1028966,3200,1100994,977518,-7200,"910,300",279725,2017,1925,2674,1440,3,2,-0.083967789
311,20741399,2215 Park Dr, Los Angeles CA 90026,34.08874647,-118.2444838,0,609718,2795,646301,560941,73521,"737,100",270143,2017,1941,9815,610,1,1,1.446983688
312,20635764,1148 N Cummings St, Los Angeles CA 90033,34.0576367,-118.2062133,0,556001,2300,583801,528201,7005,"444,000",126000,2017,1949,6336,1498,2,2,0.151186778
313,20624520,1034 Albany St, Los Angeles CA 90015,34.04685492,-118.2715525,0,859081,2395,910626,816127,31198,"387,200",230875,2017,1930,8238,1956,4,3,0.435786614
314,20632074,2725 Michigan Ave, Los Angeles CA 90033,34.0434487,-118.2040958,0,590410,2200,619930,560890,16195,"379,500",54668,2017,1965,5399,1866,4,3,0.329161091
315,20635973,2647 Chelsea St, Los Angeles CA 90033,34.056291,-118.1990584,0,804114,2500,844320,739785,17426,"446,600",416511,2017,1964,6890,3314,8,4,0.260052679
316,20638362,2249 Hancock St, Los Angeles CA 90031,34.07164772,-118.2094091,0,577997,2500,612677,549097,-4597,"444,000",61142,2017,1900,5940,1502,3,2,-0.095439942
317,20744383,1301 N Coronado St, Los Angeles CA 90026,34.0815864,-118.2679999,0,867869,3000,937299,824476,6872,"910,300",366577,2017,1922,3984,935,2,1,0.095018949
318,20628383,111 N Central Ave, Los Angeles CA 90012,34.04937134,-118.2391701,0,600979,2450,631028,570930,878,"494,600",217498,2017,1985,87054,1063,2,2,0.017531395
319,20621832,435 E 32nd St, Los Angeles CA 90011,34.01839861,-118.2673944,0,477710,2300,501595,453825,7703,"358,800",221851,2017,1908,5930,1604,3,2,0.193498147
320,20743900,1701 Apex Ave, Los Angeles CA 90026,34.08764771,-118.2627263,0,1715672,6307,1904396,1509791,-13423,"910,300",623051,2017,1983,32245,3687,5,4,-0.093885078
321,20745020,1408 Westerly Terrace, Los Angeles CA 90026,34.08480181,-118.2719172,0,1238904,3200,1300849,1164570,-2824,"910,300",282831,2017,1927,4907,1938,3,3,-0.027353209
322,20636608,142 N Ave 25, Los Angeles CA 90031,34.07747411,-118.217062,0,561067,2350,589120,533014,6189,"444,000",177742,2017,1898,4586,1170,3,2,0.132369218
323,20628081,1522 W Temple St, Los Angeles CA 90026,34.06759213,-118.2598953,0,988063,2500,1057227,928779,13766,"494,000",307358,2017,1910,4356,2470,4,3,0.16718772
324,20739172,1011 Coronado Terrace, Los Angeles CA 90026,34.07822996,-118.2690497,0,1067327,2650,1163386,992614,11252,"910,300",358051,2017,1914,7499,1760,2,2,0.126506684
325,20632721,2741 Eagle St, Los Angeles CA 90033,34.03766668,-118.2071286,0,437601,2400,459481,415721,5473,"379,500",88104,2017,1956,4800,1068,3,2,0.150081924
326,20636522,140 W Ave 30, Los Angeles CA 90031,34.08083568,-118.2159525,0,696596,2500,745358,640868,-4275,"444,000",306766,2017,1905,5352,2045,7,4,-0.073643834
327,20625663,217 W 1st St, Los Angeles CA 90012,34.05394603,-118.2443659,0,596510,2600,626335,566685,6138,"494,600",206653,2017,1982,123889,1243,2,2,0.123478232
328,20631785,2407 E 2nd St, Los Angeles CA 90033,34.04210942,-118.2102879,0,389111,2250,412458,357982,2398,"379,500",94271,2017,1910,1750,942,2,1,0.073953191
329,20743956,1844 Silverwood Terrace, Los Angeles CA 90026,34.09036987,-118.2632519,0,2414993,9594,2728942,2173494,-6311,"910,300",1191491,2017,1988,193444,4429,3,3,-0.031359097
330,20629057,1335 Pennsylvania Ave, Los Angeles CA 90033,34.05182404,-118.2209995,0,667415,2800,707460,620696,5201,"379,500",90113,2017,1907,5623,2534,7,2,0.093513032
331,20628331,425 N Boylston St, Los Angeles CA 90012,34.06461172,-118.2532395,0,830348,2950,880169,788831,-2226,"494,000",367509,2017,1908,5176,1469,3,1,-0.032169645
332,65246195,W 7th St, Palmdale CA 93551,34.58191337,-118.142406,0,360431,,378453,342409,,"252,000",289000,2017,2004,6275,2759,4,3,
333,20244263,Country Club Dr, Palmdale CA 93551,34.6014875,-118.1349172,0,313321,2200,328987,297655,5108,"252,000",269504,2017,1965,8925,1674,3,2,0.195633232
334,20249421,1750 E Ave Q14, Palmdale CA 93550,34.57386078,-118.0964116,0,144697,1450,153379,134568,2059,"252,000",45884,2017,1989,1306,832,3,2,0.170756823
335,20271504,143 W Ave S-14, Palmdale CA 93551,34.54453716,-118.1295237,0,716538,5241,773861,680711,-37491,"252,000",535715,2017,1992,98010,5622,6,6,-0.627869003
336,20242766,820 W Avenue P, Palmdale CA 93551,34.60161561,-118.1466491,0,477938,2300,501835,454041,12667,"252,000",313674,2017,1981,41250,2366,4,3,0.318041252
337,20250472,2634 E Ave Q-15, Palmdale CA 93550,34.57309343,-118.0825121,0,301701,1950,316786,286616,3444,"252,000",143823,2017,1989,7125,2000,4,3,0.136983305
338,20239363,38969 Yucca Tree St, Palmdale CA 93551,34.59099897,-118.1504358,0,278073,1783,291977,264169,2494,"252,000",141814,2017,1953,10890,1476,3,2,0.107626415
339,20242991,450 W Ave O, Palmdale CA 93551,34.61751735,-118.1316496,0,362255,2200,380368,344142,-60,"252,000",307400,2017,1987,8030,2309,5,3,-0.00198755
340,79796905,37217 Weeping Branch St, Palmdale CA 93550,34.55866611,-118.1089815,0,393096,2300,412751,373441,3805,"252,000",399500,2017,2007,12335,3109,5,4,0.116154832
341,20246779,37457 Conifer Dr, Palmdale CA 93550,34.56376909,-118.1192412,0,244572,1750,256801,227452,3050,"252,000",223000,2017,1988,6645,1229,3,2,0.149649183
342,20255224,39261 10th St E, Palmdale CA 93550,34.59632771,-118.1140737,0,340144,2100,363954,319735,24439,"252,000",206129,2017,1954,49044,2425,3,2,0.862187779
343,89149373,1656 Korat Dr, Palmdale CA 93551,34.5781636,-118.1612889,0,322891,2200,339036,306746,4881,"252,000",258777,2017,2008,26151,1541,3,2,0.181398676
344,20270557,1607 Via Verde Ave, Palmdale CA 93550,34.5572016,-118.101213,0,256119,1700,268925,243313,3884,"252,000",105231,2017,1986,7016,1260,3,2,0.181977909
345,20245766,38575 Friendly Ave, Palmdale CA 93550,34.58444469,-118.1160042,0,181999,1600,192919,172899,5734,"252,000",44482,2017,1963,5106,696,2,1,0.378068011
346,20270842,1817 A E Ave Q, Palmdale CA 93550,34.5878552,-118.0964089,0,311227,2000,326788,295666,4087,"252,000",257300,2017,1989,7201,1901,4,3,0.157582729
347,20249309,1845 E Avenue Q12, Palmdale CA 93550,34.57630968,-118.0950947,0,198895,1495,208840,180994,1902,"252,000",69759,2017,1954,6090,983,3,1,0.114754016
348,20246137,458 E Avenue R-5, Palmdale CA 93550,34.56764341,-118.1207607,0,226015,1600,237316,214714,3603,"252,000",107109,2017,1955,7189,1202,2,2,0.191297038
349,20244317,505 Hansa St, Palmdale CA 93551,34.60542106,-118.1408041,0,389260,2300,408723,369797,-1191,"252,000",321000,2017,1978,7792,2456,3,3,-0.03671582
350,20271313,37135 Tovey Ave, Palmdale CA 93551,34.55676715,-118.1505555,0,315233,2400,330995,299471,2253,"252,000",277387,2017,1980,48351,1560,3,2,0.085765132
351,20271331,36517 China Pl, Palmdale CA 93551,34.54396338,-118.1351391,0,558283,3100,602946,530369,-2039,"252,000",618646,2017,1990,41817,3764,4,3,-0.043827235
352,20246793,545 Spruce Ct, Palmdale CA 93550,34.56279841,-118.1183395,0,245258,1650,257521,232995,2801,"252,000",105400,2017,1988,7780,1229,3,2,0.137047517
353,20243312,340 W Avenue P, Palmdale CA 93551,34.59784278,-118.1333103,0,363970,2200,382168,345772,5766,"252,000",138528,2017,1990,7695,2604,4,3,0.19010358
354,20251575,2201 E Ave Q, Palmdale CA 93550,34.58824228,-118.0896535,0,269175,2000,282634,255716,8107,"252,000",113632,2017,1970,7996,1564,3,2,0.361415436
355,20244212,Country Club Dr, Palmdale CA 93551,34.60079509,-118.1393084,0,375427,2200,394198,356656,5108,"252,000",304000,2017,1966,8311,2342,3,3,0.16327009
356,20242656,38448 Yucca Tree St, Palmdale CA 93551,34.58105103,-118.1524452,0,338417,2200,355338,321496,3842,"252,000",213029,2017,1994,9258,1871,4,3,0.136234291
357,20245011,268 E Ave P 2, Palmdale CA 93550,34.59944088,-118.1259112,0,179871,1600,188865,170877,2502,"252,000",109059,2017,1957,6905,1072,2,1,0.166919626
358,54947361,2436 Estrella Ct, Palmdale CA 93550,34.56027078,-118.0856401,0,330962,2100,347510,314414,2838,"252,000",266000,2017,2004,7405,1908,3,2,0.102900031
359,20271456,36213 El Camino Dr, Palmdale CA 93551,34.53852065,-118.1328081,0,599008,2750,628958,569058,11147,"252,000",377705,2017,1987,54450,2917,4,3,0.223309205
360,20271313,37135 Tovey Ave, Palmdale CA 93551,34.55605436,-118.1506139,0,315233,2400,330995,299471,2253,"252,000",277387,2017,1980,48351,1560,3,2,0.085765132
361,20271456,36213 El Camino Dr, Palmdale CA 93551,34.53991775,-118.1322012,0,599008,2750,628958,569058,11147,"252,000",377705,2017,1987,54450,2917,4,3,0.223309205
362,20251967,2129 Moonlight Ct, Palmdale CA 93550,34.56131545,-118.0900938,0,279413,1995,293384,265442,3846,"252,000",101293,2017,1986,7005,1544,3,2,0.165174849
363,20250030,38618 20th St E, Palmdale CA 93550,34.58333896,-118.0939216,0,262445,2040,275567,249323,805,"252,000",145337,2017,1955,6882,2000,5,2,0.036807712
364,20271456,36213 El Camino Dr, Palmdale CA 93551,34.53912267,-118.131003,0,599008,2750,628958,569058,11147,"252,000",377705,2017,1987,54450,2917,4,3,0.223309205
365,20271313,37135 Tovey Ave, Palmdale CA 93551,34.55625159,-118.1504215,0,315233,2400,330995,299471,2253,"252,000",277387,2017,1980,48351,1560,3,2,0.085765132
366,20249817,1834 Sweetbrier St, Palmdale CA 93550,34.58210006,-118.0952011,0,209491,1550,219966,199016,2059,"252,000",74508,2017,1954,6516,1010,3,1,0.117943014
367,65244184,241 Quail Dr, Palmdale CA 93551,34.60954497,-118.1340069,0,430901,2435,452446,409356,-2208,"252,000",421974,2017,2004,16552,3005,4,3,-0.061489762
368,20247149,1141 E Ave R, Palmdale CA 93550,34.57383231,-118.1083028,0,207600,1600,240816,170232,-26750,"252,000",108114,2017,1986,3920,1112,3,2,-1.546242775
369,54947324,311 Bogie St, Palmdale CA 93551,34.60311555,-118.1346471,0,374153,2200,392861,355445,5816,"252,000",219630,2017,2003,9349,2260,4,2,0.186533317
370,20242708,548 W Ave Q 12, Palmdale CA 93551,34.57626062,-118.1402761,0,341915,2100,359011,324819,7657,"252,000",133115,2017,1981,7000,1772,3,2,0.268733457
371,20246903,37414 Larchwood Dr, Palmdale CA 93550,34.56255137,-118.1168913,0,273578,1850,287257,259899,1788,"252,000",154223,2017,1988,7379,1509,3,2,0.078427359
372,20250779,2801 E Ave S, Palmdale CA 93550,34.55827873,-118.0796793,0,252698,1700,265333,240063,1102,"252,000",116774,2017,1969,7041,1399,4,2,0.052331241
373,20270425,37031 Cooper Terrace, Palmdale CA 93550,34.55562898,-118.0818079,0,238185,1600,250094,226276,3633,"252,000",187400,2017,1988,4400,1065,2,2,0.183034196
374,20251236,2321 E Ave S, Palmdale CA 93550,34.55912177,-118.0870027,0,224900,1699,236145,213655,5107,"252,000",131914,2017,1988,5169,1100,2,2,0.272494442
375,79797143,37405 7th St W, Palmdale CA 93551,34.5632929,-118.1432477,0,537912,2500,570187,511016,-4981,"252,000",466300,2017,2006,44862,3226,4,4,-0.111118547
376,20250576,2904 E Ave R10, Palmdale CA 93550,34.56334545,-118.0776579,0,252465,1950,265088,239842,2519,"252,000",132418,2017,1980,10454,1471,3,2,0.119731448
377,20244690,40140 Pevero Ct, Palmdale CA 93551,34.61206428,-118.1325726,0,332714,2200,349350,302770,4283,"252,000",279598,2017,1998,10062,1690,3,2,0.154475015
378,2130885693,2202 E Ave R 10, Palmdale CA 93550,34.56390076,-118.0898186,0,301997,2300,335217,259717,4165,"252,000",143502,2017,1985,6914,1995,4,2,0.165498333
379,20270449,2231 E Ave Q, Palmdale CA 93550,34.5888515,-118.0891399,0,275100,2000,288855,261345,5474,"252,000",168772,2017,1987,7259,1453,3,2,0.238778626
380,20250071,2010 E Ave R, Palmdale CA 93550,34.57266542,-118.0930852,0,208535,1995,218962,198108,5264,"252,000",127372,2017,1955,7228,980,3,1,0.30291318
381,20247966,37642 Gilworth Ave, Palmdale CA 93550,34.56650833,-118.1047452,0,238239,1600,250151,226327,-1244,"252,000",184970,2017,1986,4873,1112,3,2,-0.062659766
382,20271334,36506 China Pl, Palmdale CA 93551,34.54428174,-118.1351936,0,557260,3200,601841,529397,-2017,"252,000",690800,2017,1990,43598,3764,5,3,-0.043433945
383,20251573,2208 E Ave R12, Palmdale CA 93550,34.56160076,-118.0890202,0,281597,2000,295677,267517,2571,"252,000",219535,2017,1986,7840,1593,4,2,0.109560826
384,95532274,38409 Sphynx Dr, Palmdale CA 93551,34.5756136,-118.1589475,0,413033,2295,433685,392381,4240,"252,000",368600,2017,2009,60116,2564,3,3,0.123186283
385,20252122,37302 Sand Brook Dr, Palmdale CA 93550,34.56018721,-118.0830204,0,288136,2000,302543,273729,2481,"252,000",116386,2017,1987,7174,1680,3,2,0.103326207
386,20251651,2424 Swallow Ln, Palmdale CA 93550,34.56394177,-118.0859872,0,302513,2395,317639,287387,4249,"252,000",158770,2017,1986,6969,1955,5,2,0.168548129
387,95684688,2152 Spanish Broom Dr, Palmdale CA 93550,34.55549309,-118.0896805,0,334392,,351112,317672,15675,"252,000",265200,2017,2016,7499,1782,4,2,0.562513457
388,72541479,700 Union St, Pasadena CA 91101,34.14732999,-118.1354419,0,577024,2300,605875,548173,5507,"482,700",135043,2017,2006,26880,950,1,2,0.114525566
389,2106909816,330 Cordova St, Pasadena CA 91101,34.14159767,-118.1438671,0,1214513,2750,2113253,923030,40616,"572,200",630000,2017,1981,144183,144285,2,3,0.401306532
390,20858967,1100 Hermosa Rd, Pasadena CA 91105,34.13583187,-118.1718809,0,2513698,7480,2639383,2337739,16379,"1,083,500",977851,2017,1951,18175,3272,5,4,0.078190777
391,20858808,71 San Miguel Rd, Pasadena CA 91105,34.14030601,-118.1753551,0,1613099,5965,1726016,1435658,-66956,"1,083,500",223718,2017,1945,8982,2876,4,3,-0.498092182
392,20875379,36 S Parkwood Ave, Pasadena CA 91107,34.14524579,-118.1115962,0,1528346,2600,1635330,1390795,55521,"791,300",126860,2017,1950,8165,3246,6,5,0.435930084
393,20857528,625 Prospect Blvd, Pasadena CA 91103,34.15424201,-118.1606523,0,2955682,10390,3103466,2778341,6895,"1,034,100",985889,2017,1906,21263,3332,5,4,0.027993539
394,20856216,1121 Heatherside Rd, Pasadena CA 91105,34.15723529,-118.1735029,0,1171254,3998,1253242,1112691,16873,"1,034,100",634939,2017,1953,30719,1490,2,2,0.172871128
395,20700555,1470 E California Blvd, Pasadena CA 91106,34.13546776,-118.120089,0,6759902,21912,7368293,6083912,-96458,"791,300",1943630,2017,1921,49698,6500,6,6.5,-0.171229701
396,20864615,1566 Mentone Ave, Pasadena CA 91103,34.17290803,-118.1570561,0,744865,2750,782108,707622,4876,"589,700",364604,2017,1941,8208,1676,2,2,0.078553832
397,20855043,1463 Forest Ave, Pasadena CA 91103,34.17214101,-118.1631902,0,742287,2275,779401,705173,7977,"1,034,100",458117,2017,1921,8979,1380,3,3,0.128958206
398,20856280,1300 Glen Oaks Blvd, Pasadena CA 91105,34.15521896,-118.1777173,0,3450579,10083,3623108,3243544,54024,"1,034,100",2835086,2017,2005,23129,4703,5,5,0.187878034
399,20699603,1929 Mill Rd, South Pasadena CA 91030,34.11905147,-118.1428347,0,2183360,2695,2292528,2008691,24318,"1,098,000",424848,2017,1948,10616,2422,4,4,0.133654551
400,20855805,1455 Chamberlain Rd, Pasadena CA 91103,34.16913292,-118.1811788,0,2167085,7529,2297110,2058731,76560,"1,034,100",1116895,2017,1969,17110,3216,4,3,0.423942762
401,20699958,1233 Encino Dr, Pasadena CA 91108,34.12358163,-118.1309444,0,4448247,12154,4759624,4136870,-120583,"572,200",1874131,2017,1981,19967,4103,3,5,-0.325295785
402,54668669,178 N Madison Ave, Pasadena CA 91101,34.14928947,-118.1376988,0,730996,2550,767546,694446,-10187,"482,700",432323,2017,2000,38964,1647,3,3,-0.167229369
403,20697078,1432 Wayne Ave, South Pasadena CA 91030,34.10878235,-118.1387358,0,2298375,6227,2459261,2091521,46737,"1,098,000",273820,2017,1923,18816,2469,3,3,0.244017621
404,20861547,484 E California Blvd, Pasadena CA 91106,34.13567707,-118.1400754,0,739525,2700,776501,702549,-616,"572,200",397765,2017,1983,56925,1506,2,3,-0.009995605
405,20702705,433 S Greenwood Ave, Pasadena CA 91107,34.13849941,-118.1110857,0,1303442,3811,1381649,1238270,2164,"791,300",455298,2017,1946,7318,1975,3,2,0.019922636
406,20920179,1408 N Holliston Ave, Pasadena CA 91104,34.17042704,-118.1223484,0,1072020,2450,1125621,1007699,15350,"769,000",74519,2017,1940,10187,2405,5,3,0.171825153
407,20855359,1600 La Vista Pl, Pasadena CA 91103,34.17510069,-118.1752847,0,2504274,9534,2629488,2303932,-42215,"1,034,100",188600,2017,1931,38650,3505,3,3,-0.202286172
408,20865297,1079 Marengo Ave, Pasadena CA 91103,34.16446616,-118.1463546,0,899735,3400,944722,854748,40371,"589,700",328247,2017,1909,11060,1879,4,3,0.53843854
409,20864698,270 Del Monte St, Pasadena CA 91103,34.17157075,-118.1565126,0,638487,2600,670411,606563,1006,"589,700",145624,2017,1912,6214,1194,3,2,0.018907198
410,20870094,272 S Michigan Ave, Pasadena CA 91106,34.14118479,-118.1257497,0,1488719,2800,1592929,1339847,34473,"482,700",416168,2017,1920,7499,3549,8,4,0.277873796
411,20857487,475 Bellmore Way, Pasadena CA 91103,34.15302399,-118.1621374,0,2367218,7519,2485579,2248857,29461,"1,034,100",244245,2017,1937,12555,3316,3,4,0.149344927
412,20699095,570 E Glenarm St, Pasadena CA 91106,34.12725607,-118.1383828,0,3367818,9587,3637243,3132071,25315,"572,200",2446875,2017,1923,16024,3958,4,5,0.090200836
413,20874280,1808 Las Lunas St, Pasadena CA 91107,34.15634787,-118.1129762,0,992305,3200,1041920,942690,52998,"619,900",573808,2017,1917,8999,2026,4,2,0.640907785
414,20870820,538 N Holliston Ave, Pasadena CA 91106,34.15532813,-118.1225382,0,1596523,2500,1724245,1436871,44604,"482,700",436183,2017,1920,12001,4170,8,4,0.335258559
415,20694571,312 Fairview Ave, South Pasadena CA 91030,34.1224523,-118.1547598,0,1222616,3411,1283747,1161485,23785,"1,098,000",347948,2017,1977,9413,1790,3,2,0.233450241
416,20858120,124 Waverly Dr, Pasadena CA 91105,34.13961207,-118.1531869,0,800354,2800,848375,760336,40640,"1,083,500",286768,2017,1910,6753,971,3,1,0.609330371
417,20867427,497 E California Blvd, Pasadena CA 91106,34.13632279,-118.1402685,0,620305,2450,651320,589290,3803,"572,200",535500,2017,1980,75664,1154,2,2,0.07357026
418,20856653,387 Mira Vista Terrace, Pasadena CA 91105,34.15161493,-118.1682748,0,2635560,8573,2793694,2451071,78922,"1,034,100",860797,2017,1980,37842,3096,4,4,0.359340709
419,20861584,745 S Oakland Ave, Pasadena CA 91106,34.13291525,-118.1400026,0,2404406,6566,2524626,2284186,-13038,"572,200",712456,2017,1922,13019,3155,5,4,-0.065070541
420,20870521,714 N Michigan Ave, Pasadena CA 91104,34.15830958,-118.1253084,0,845174,3200,887433,802915,1498,"769,000",318500,2017,1913,6927,1440,3,2,0.021268993
421,20856077,1476 Rutherford Dr, Pasadena CA 91103,34.16203928,-118.1806538,0,2971222,9024,3119783,2763236,-72097,"1,034,100",1463996,2017,1988,18344,5128,5,5,-0.291181204
422,20859850,686 S Arroyo Blvd, Pasadena CA 91105,34.13393291,-118.1652916,0,2509301,8169,2659859,2283464,73808,"1,083,500",1711050,2017,1924,9191,3365,6,5,0.352965228
423,20875087,153 S Grand Oaks Ave, Pasadena CA 91107,34.14312614,-118.1053641,0,944170,2350,991378,896962,20738,"791,300",34378,2017,1911,8471,1547,5,2,0.263571179
424,20864924,1267 Sunset Ave, Pasadena CA 91103,34.1676489,-118.1551882,0,888309,2300,932724,843894,60377,"589,700",391120,2017,1953,7603,1918,4,3,0.815621591
425,20694847,718 Hermosa St, South Pasadena CA 91030,34.12213635,-118.1609647,0,2413770,7793,2534458,2244806,41954,"1,098,000",2152138,2017,1969,19972,3304,3,3.5,0.208573311
426,82870491,417 S Hudson Ave, Pasadena CA 91101,34.13870003,-118.1339679,0,581263,2500,610326,552200,4133,"572,200",459019,2017,2004,29823,917,2,2,0.085324543
427,20861775,909 S El Molino Ave, Pasadena CA 91106,34.13018426,-118.1370755,0,1367770,5532,1463514,1299382,-45392,"572,200",102622,2017,1923,14002,1648,3,2,-0.398242395
428,20862317,376 S Marengo Ave, Pasadena CA 91101,34.13915039,-118.1455524,0,400869,2200,420912,376817,2626,"572,200",175718,2017,1927,1655,593,1,1,0.078609221
429,20858553,125 S Grand Ave, Pasadena CA 91105,34.14324539,-118.1625676,0,4894216,20422,5236811,4551621,-350186,"1,083,500",2829658,2017,1908,75951,6790,6,5,-0.85861188
430,20699488,544 Garfield Ave, South Pasadena CA 91030,34.12018772,-118.1430065,0,935230,3375,981991,888469,7738,"1,098,000",1161867,2017,1953,153909,1852,3,4,0.099286806
431,65247408,1605 Pleasant Way, Pasadena CA 91105,34.13168234,-118.1803213,0,1220060,3856,1329865,1122455,-6222,"1,083,500",292272,2017,1933,14503,1846,2,2,-0.06119699
432,20859062,430 Laguna Rd, Pasadena CA 91105,34.13460487,-118.1726985,0,3402836,9675,3572978,3198666,49929,"1,083,500",2558137,2017,1922,25264,3955,3,5,0.176073134
433,20913867,365 Atchison St, Pasadena CA 91104,34.17580002,-118.1434553,0,940430,3250,987451,836983,-10239,"589,700",300603,2017,1911,8751,2472,6,2,-0.130650872
434,20857172,1450 West Dr, Pasadena CA 91105,34.16839548,-118.1717026,0,1076743,3666,1130580,1022906,6565,"1,083,500",908368,2017,1963,5995,2152,3,3,0.073165091
435,20871272,931 N Michigan Ave, Pasadena CA 91104,34.16223947,-118.1256401,0,920173,3200,966182,874164,19044,"769,000",289900,2017,1912,8103,1579,3,1,0.248353299
436,20856136,555 Glen Ct, Pasadena CA 91105,34.15483097,-118.1763488,0,3094922,9836,3249668,2909227,9311,"1,034,100",1703426,2017,1982,38184,3788,4,5,0.036101718
437,20869517,1501 Locust St, Pasadena CA 91106,34.15104503,-118.1195466,0,636856,2500,668699,598645,15714,"619,900",554785,2017,1978,8373,700,2,1,0.296092052
438,20871168,1025 N Mentor Ave, Pasadena CA 91104,34.16378161,-118.1315925,0,946163,3250,993471,898855,9392,"769,000",154943,2017,1907,6256,2092,4,1,0.119116896
439,20208623,21563 Cleardale St, Santa Clarita CA 91321,34.38946621,-118.5100557,0,413606,2300,454967,351565,10447,"476,300",128569,2017,1915,436280,534,1,1,0.303100052
440,20205856,24001 Briardale Way, Santa Clarita CA 91321,34.35776376,-118.5397209,0,743508,3500,780683,706333,13317,"459,200",593077,2017,1985,15921,3059,4,3,0.214932455
441,20227938,26327 Emerald Dove Dr, Santa Clarita CA 91355,34.40468246,-118.5652478,0,514185,2615,539894,483334,22494,"530,000",436742,2017,1988,7083,1532,3,3,0.524962805
442,20210604,22405 Cardiff Dr, Santa Clarita CA 91350,34.40333323,-118.524928,0,768470,3200,806893,730047,6826,"476,300",672258,2017,1988,21498,2573,4,3,0.106591019
443,20227860,26215 Paolino Pl, Santa Clarita CA 91355,34.39924336,-118.5661404,0,656110,3100,688915,623305,7106,"530,000",579477,2017,1987,12000,1839,3,3,0.129966012
444,20222345,25458 Ave Escalera, Santa Clarita CA 91355,34.38649597,-118.552921,0,697020,3200,731871,662169,7836,"530,000",631734,2017,1969,7069,2327,4,3,0.134905742
445,20205334,23649 Newhall Ave, Santa Clarita CA 91321,34.36865694,-118.5181222,0,638108,2800,689157,555154,-5967,"459,200",289438,2017,1948,118401,1530,3,1,-0.11221298
446,20207160,23614 Neargate Dr, Santa Clarita CA 91321,34.37279675,-118.5469708,0,769070,2995,807523,730617,10577,"459,200",415000,2017,1964,12673,2200,4,4,0.165035692
447,20228830,24902 Avignon Dr, Santa Clarita CA 91355,34.41983207,-118.570755,0,621945,2800,653042,590848,8253,"530,000",196847,2017,1998,15447,1919,2,3,0.159235945
448,20205334,23649 Newhall Ave, Santa Clarita CA 91321,34.36657836,-118.5159849,0,638108,2800,689157,555154,-5967,"459,200",289438,2017,1948,118401,1530,3,1,-0.11221298
449,20218405,22503 Los Tigres Dr, Santa Clarita CA 91350,34.43075118,-118.5291402,0,526268,2600,552581,499955,10545,"476,300",399000,2017,1963,5869,1376,4,2,0.240447833
450,20196019,23401 Westford Pl, Santa Clarita CA 91354,34.43502397,-118.5440172,0,734017,3250,770718,697316,8161,"530,000",610093,2017,1989,6098,2829,4,3,0.133419253
451,20210437,25549 Sheffield Ln, Santa Clarita CA 91350,34.40493046,-118.5304491,0,604531,3000,634758,574304,11229,"476,300",567630,2017,1986,9234,1635,3,3,0.222896758
452,20225880,26028 Tourelle Pl, Santa Clarita CA 91355,34.39610882,-118.5636719,0,758984,3400,796933,721035,-540,"530,000",699900,2017,1986,7568,2536,4,3,-0.008537729
453,20205856,24001 Briardale Way, Santa Clarita CA 91321,34.35572645,-118.5389675,0,743508,3500,780683,706333,13317,"459,200",593077,2017,1985,15921,3059,4,3,0.214932455
454,20226271,23402 Gaucho Ct, Santa Clarita CA 91355,34.41310606,-118.5439879,0,429091,2250,450546,407636,2392,"530,000",226130,2017,1985,8520,1128,3,2,0.066894901
455,20218450,26614 Gavilan Dr, Santa Clarita CA 91350,34.42862404,-118.5326853,0,548514,2750,575940,521088,5754,"476,300",63320,2017,1963,6678,1769,4,2,0.125881928
456,20205355,23960 Wildwood Canyon Rd, Santa Clarita CA 91321,34.36424848,-118.5289205,0,2118070,12000,2414600,1948624,91291,"459,200",1564797,2017,1989,391533,6742,5,6,0.517212368
457,94641939,26579 Bouquet Canyon Rd, Santa Clarita CA 91350,34.42946667,-118.5362537,0,738322,3400,775238,701406,10411,"476,300",614049,2017,2010,6169,3184,4,3,0.169210724
458,20206662,23463 Cherry St, Santa Clarita CA 91321,34.37703794,-118.5442091,0,328967,2400,384891,299360,10336,"459,200",42823,2017,1972,7405,800,2,1,0.377034779
459,20205561,23306 Maple St, Santa Clarita CA 91321,34.36913907,-118.5375639,0,1235285,5500,1309402,1173521,12172,"459,200",633745,2017,1983,23522,6105,4,5,0.118243158
460,20219256,25565 Va Paladar, Santa Clarita CA 91355,34.38465088,-118.5614012,0,1362037,5525,1498241,1266694,17609,"530,000",940727,2017,1979,31333,4837,5,5,0.15514116
461,20226383,26122 Bella Santa Dr, Santa Clarita CA 91355,34.41080021,-118.5499436,0,632861,2850,664504,601218,10843,"530,000",443006,2017,1984,5117,1614,3,2,0.20559965
462,20208611,22362 Circle J Ranch Rd, Santa Clarita CA 91350,34.39516305,-118.5307367,0,776065,3300,814868,737262,12223,"476,300",806696,2017,1992,13460,2613,4,3,0.188999633
463,124874013,21717 Propello Dr, Santa Clarita CA 91351,34.41762671,-118.5160666,0,507041,2200,532393,481689,3886,"476,300",414630,2017,2015,61856,1719,4,3,0.091968894
464,20207761,21355 Placerita Canyon Rd, Santa Clarita CA 91321,34.38330936,-118.5117092,0,1018799,3700,1079927,967859,18786,"459,200",890563,2017,1979,44521,3400,4,3,0.221272302
465,20223427,25528 La Gosta Pl, Santa Clarita CA 91355,34.39027947,-118.5544473,0,559439,2624,587411,531467,7662,"530,000",336364,2017,1975,5809,1325,3,2,0.164350358
466,54945958,27067 Channel Ln, Santa Clarita CA 91355,34.43050976,-118.5614221,0,597399,3200,627269,388309,14681,"530,000",584022,2017,2001,5798,2145,4,3,0.294898384
467,20201982,24203 Wabuska St, Santa Clarita CA 91321,34.37304815,-118.5575906,0,486968,2600,511316,462620,5979,"459,200",291781,2017,1974,7100,1302,3,2,0.14733617
468,20209790,22223 Claibourne Ln, Santa Clarita CA 91350,34.39860794,-118.5255485,0,607308,2850,637673,576943,8651,"476,300",559900,2017,1986,6969,1635,3,3,0.170937975
469,20202079,24604 Sagecrest Cir, Santa Clarita CA 91381,34.37006509,-118.5652713,0,729942,3300,766439,693445,-112,"459,200",574039,2017,1987,13447,2312,4,3,-0.001841242
470,20207763,24506 Golden Oak Ln, Santa Clarita CA 91321,34.38045448,-118.5074378,0,1467886,6499,1541280,1365134,2569,"477,300",942169,2017,1988,108900,5572,5,4,0.021001631
471,20205354,23876 Wildwood Canyon Rd, Santa Clarita CA 91321,34.36251935,-118.5280319,0,815857,3300,856650,775064,18685,"459,200",110014,2017,1964,107123,2413,4,3,0.274827574
472,20208677,21618 Oak Orchard Rd, Santa Clarita CA 91321,34.38536806,-118.5155603,0,693570,3100,728248,658892,2194,"459,200",674622,2017,1960,31340,1813,3,2,0.037960119
473,20224976,25625 Palma Alta Dr, Santa Clarita CA 91355,34.40223587,-118.5431842,0,478070,2400,501973,454167,5896,"530,000",433500,2017,1980,3571,1018,3,2,0.147995063
474,20219205,24234 Lema Dr, Santa Clarita CA 91355,34.389331,-118.560024,0,459677,2500,482661,436693,5924,"530,000",291479,2017,1975,2099,1462,4,2,0.15464772
475,20210602,22415 Cardiff Dr, Santa Clarita CA 91350,34.40445319,-118.5253078,0,686203,3200,720513,651893,5697,"477,300",662339,2017,1988,15834,2353,4,3,0.099626495
476,50882521,23944 Windward Ln, Santa Clarita CA 91355,34.43033126,-118.5570395,0,873162,3800,916820,829504,31951,"530,000",752169,2017,2001,5662,3255,4,3,0.43910752
477,50903295,22601 White Wing Way, Santa Clarita CA 91350,34.39606089,-118.5331795,0,760954,3200,799002,722906,963,"476,300",635659,2017,1999,6503,2520,5,3,0.0151862
478,20225290,25762 Alta Dr, Santa Clarita CA 91355,34.4055121,-118.5458158,0,683425,3100,717596,649254,-4520,"530,000",464960,2017,1984,5977,2279,4,3,-0.079364963
479,20206904,23153 1/2 8th St, Santa Clarita CA 91321,34.37462553,-118.5357595,0,534486,3000,561210,507762,26379,"459,200",467500,2017,1965,10571,1250,3,2,0.592247505
480,20205835,24166 Creekside Dr, Santa Clarita CA 91321,34.36156307,-118.5405289,0,783956,3695,823154,744758,11885,"459,200",643146,2017,1986,8906,3140,3,4,0.181923475
481,50894008,25301 Heather Vale St, Santa Clarita CA 91350,34.39461546,-118.5338478,0,701869,3200,736962,666776,6673,"476,300",636000,2017,1999,7366,2328,5,3,0.114089666
482,20222467,23926 Va Hamaca, Santa Clarita CA 91355,34.38721729,-118.554713,0,626951,2900,658299,595603,9023,"530,000",390853,2017,1969,7840,1769,3,2,0.172702492
483,20223354,25503 Langston St, Santa Clarita CA 91355,34.3912902,-118.550667,0,547064,2700,574417,519711,-3807,"530,000",365400,2017,1974,5500,1442,3,2,-0.083507597
484,20224539,25538 Va Pacifica, Santa Clarita CA 91355,34.39813986,-118.5474545,0,602822,2800,632963,572681,-2336,"530,000",566100,2017,1979,6383,1599,3,2,-0.046501289
485,20207852,21720 Placerita Canyon Rd, Santa Clarita CA 91321,34.38166704,-118.5191422,0,806958,3195,847306,766610,-16074,"459,200",114804,2017,1961,29683,2256,4,2,-0.239031028
486,54943999,27054 Clarence Ct, Santa Clarita CA 91355,34.42948694,-118.5611108,0,693903,3200,728598,659208,1971,"530,000",470958,2017,2001,3763,2415,4,3,0.034085456
487,20219267,24535 Farrow Dr, Santa Clarita CA 91355,34.38127896,-118.56396,0,762168,3295,800276,724060,5921,"530,000",658869,2017,1979,15456,2288,4,3,0.093223541
488,50894092,24707 Napa Ct, Santa Clarita CA 91355,34.41345278,-118.5682185,0,1620810,9999,1750475,1539770,-25545,"530,000",1800300,2017,2001,17664,4565,4,6,-0.189127658
489,20219249,24243 Vista Hills Dr, Santa Clarita CA 91355,34.38384735,-118.5600546,0,1095478,5450,1150252,1040704,6836,"530,000",927877,2017,1980,19947,4056,4,4,0.07488238
490,20208653,21157 Placeritos Blvd, Santa Clarita CA 91321,34.38315889,-118.5072149,0,1328483,3529,1434762,1222204,162084,"459,200",594448,2017,1977,49222,4979,6,6,1.464081964
491,20221250,24912 Avenida Balita, Santa Clarita CA 91355,34.38429528,-118.5418526,0,595634,2945,625416,565852,7224,"530,000",259060,2017,1969,6848,1817,4,2,0.145539039
492,20205688,23598 Stillwater Pl, Santa Clarita CA 91321,34.36755815,-118.5455818,0,893051,3100,937704,848398,4192,"459,200",693600,2017,1987,7424,4,5,5,0.05632825
493,21334983,1101-1105 Lilienthal Ln, Redondo Beach CA 90278,33.86418621,-118.3658394,0,942689,,989823,895555,,"855,300",156339,2017,1962,6213,1764,3,2,
494,21265915,1536 W 222nd St, Torrance CA 90501,33.82548772,-118.3052038,0,598835,2800,628777,568893,5477,"459,700",334276,2017,1952,7200,1549,3,2,0.109753104
495,20372467,3132 185th St, Torrance CA 90504,33.86263708,-118.3279669,0,721006,2975,757056,684956,12779,"630,700",320768,2017,1950,6499,1256,3,2,0.212686163
496,21332589,4109 Emerald St, Torrance CA 90503,33.84210434,-118.3570452,0,1451973,3000,1655249,1176098,-45562,"744,600",541658,2017,1963,6901,4302,8,6,-0.376552457
497,21279166,2127 W 237th St, Torrance CA 90501,33.80996584,-118.3182728,0,875936,3300,919733,832139,9680,"741,900",105357,2017,1965,5784,2154,5,3,0.132612428
498,21328017,21734 Evalyn Ave, Torrance CA 90503,33.83074339,-118.3621357,0,957442,3700,1005314,909570,3569,"809,400",934000,2017,1955,6227,1740,4,2,0.044731691
499,21333339,4202 Carmen St, Torrance CA 90503,33.83297202,-118.358228,0,930185,3400,976694,883676,10838,"809,400",439353,2017,1956,5601,1720,3,3,0.139817348
500,20372624,18700 Crenshaw Blvd, Torrance CA 90504,33.86125841,-118.3253752,0,604186,2800,634395,573977,10436,"630,700",386720,2017,1951,5644,850,3,1,0.207273919
501,21333846,22733 Anza Ave, Torrance CA 90505,33.82160254,-118.3601114,0,859126,3395,902082,816170,8079,"869,800",643589,2017,1953,5375,1616,3,1,0.112844914
502,2117437376,2602 Cabrillo Ave, Torrance CA 90501,33.82135613,-118.3146604,0,753742,2900,829116,693443,-1068,"595,500",461549,2017,1990,5505,1952,4,3,-0.017003166
503,21274049,1924 Middlebrook Rd, Torrance CA 90501,33.81725868,-118.3141572,0,899318,3600,944284,854352,10061,"741,900",754510,2017,1948,6381,2339,4,3,0.134248397
504,21283053,22741 Date Ave, Torrance CA 90505,33.81956326,-118.3294269,0,805505,3000,845780,765230,22512,"869,800",109586,2017,1960,6163,1470,3,2,0.33537222
505,21330330,19802 Tomlee Ave, Torrance CA 90503,33.85162029,-118.3770901,0,1022016,3400,1073117,970915,23089,"595,500",564769,2017,1970,5000,1667,3,2,0.271099474
506,20375842,2707 W 179th St, Torrance CA 90504,33.8686629,-118.3235357,0,717283,2975,753147,681419,14399,"613,300",93109,2017,1953,5151,1580,3,2,0.240892367
507,20374042,17119 Faysmith Ave, Torrance CA 90504,33.87459587,-118.3315888,0,768533,3000,806960,730106,5899,"630,700",317550,2017,1963,7015,1740,4,2,0.092107951
508,21329899,5405 Towers St, Torrance CA 90503,33.85570768,-118.3706326,0,1029656,3650,1081139,978173,17425,"798,600",649354,2017,1956,7212,1796,5,2,0.203077533
509,21326963,23003 Doris Way, Torrance CA 90505,33.81937802,-118.3743652,0,1321069,4500,1387122,1255016,11080,"869,800",927345,2017,1947,11440,2047,4,2,0.100645765
510,21266078,1302 W 223rd St, Torrance CA 90501,33.824234,-118.2996501,0,672245,3000,705857,638633,-587,"459,700",430420,2017,1979,3484,2364,4,2,-0.010478323
511,21336966,24245 Ward St, Torrance CA 90505,33.8024127,-118.3489934,0,972609,2950,1021239,923979,9131,"790,000",284911,2017,1920,5981,2000,4,2,0.11265781
512,21327390,5321 Jacques St, Torrance CA 90503,33.83093456,-118.3703465,0,1240347,4000,1302364,1178330,23080,"809,400",233708,2017,1955,8595,2366,3,3,0.223292353
513,21274773,1625 Maple Ave, Torrance CA 90503,33.83190228,-118.3401376,0,873059,3200,916712,829406,5392,"745,900",751000,2017,1955,5952,1558,5,2,0.07411183
514,21278045,2460 229th Pl, Torrance CA 90505,33.81780507,-118.3278419,0,867677,3250,911061,824293,27859,"741,900",750000,2017,1963,5821,1775,4,3,0.38529084
515,20373793,3462 W 170th St, Torrance CA 90504,33.87674637,-118.3328395,0,658930,2900,691876,625984,6243,"630,700",298597,2017,1974,116183,1542,3,3,0.113693412
516,20369587,4033 184th St, Torrance CA 90504,33.86435118,-118.3454364,0,762793,2800,800933,724653,18314,"630,700",642702,2017,1954,5357,1524,4,2,0.288109618
517,21267215,21122 Harvard Blvd, Torrance CA 90501,33.83723269,-118.3064093,0,559206,2850,587166,531246,-2691,"459,700",515000,2017,1949,8491,1313,3,2,-0.057746162
518,20373364,17801 Glenburn Ave, Torrance CA 90504,33.8693551,-118.3305988,0,710238,2950,745750,674726,9341,"630,700",359565,2017,1955,5300,1249,3,2,0.157823152
519,21330789,19417 Anza Ave, Torrance CA 90503,33.85395138,-118.3641978,0,797979,3100,837878,758080,11096,"798,600",337061,2017,1954,5405,1112,3,1,0.166861534
520,21268629,1551 W 206th St, Torrance CA 90501,33.84413195,-118.3059075,0,562395,2800,590515,528651,296,"459,700",381971,2017,1949,7013,1419,3,2,0.006315846
521,21327693,5028 Lee St, Torrance CA 90503,33.83583967,-118.3666407,0,1016519,3700,1067345,965693,16065,"809,400",110872,2017,1956,6760,2075,3,2,0.189647218
522,21332168,20357 Madison St, Torrance CA 90503,33.84700059,-118.3488261,0,905076,3700,950330,859822,7445,"869,600",772731,2017,1964,6002,2108,4,2,0.098709943
523,21267210,21146 Harvard Blvd, Torrance CA 90501,33.83708214,-118.3059969,0,674316,3000,708032,640600,106,"459,700",332782,2017,1953,8491,2404,5,2,0.001886356
524,21265724,1349 W 221st St, Torrance CA 90501,33.82692114,-118.3013462,0,515391,2250,541161,489621,6024,"459,700",251864,2017,1931,6500,754,2,1,0.140258561
525,21330797,5013 Deelane St, Torrance CA 90503,33.85252695,-118.3633305,0,956409,3600,1004229,908589,9080,"798,600",379003,2017,1955,5701,1792,3,2,0.113926155
526,21344235,3399 Candlewood Rd, Torrance CA 90505,33.79560628,-118.3477967,0,1021805,3601,1072895,970715,13722,"934,100",478412,2017,1975,5716,2050,4,3,0.161150122
527,20376581,18114 Manhattan Pl, Torrance CA 90504,33.86596903,-118.3101534,0,656241,3000,689053,623429,27286,"613,300",441464,2017,1981,5812,1918,3,3,0.498950843
528,20374701,17318 Casimir Ave, Torrance CA 90504,33.87386659,-118.3215411,0,528203,2700,554613,501793,12908,"613,300",461000,2017,1981,176904,1237,2,3,0.29325089
529,82582698,2365 Plaza del Amo, Torrance CA 90501,33.83050276,-118.322872,0,501828,2700,526919,476737,-3010,"459,700",441383,2017,2005,43004,1540,3,2,-0.071976853
530,21333347,21730 Ladeene Ave, Torrance CA 90503,33.83255973,-118.3592322,0,874133,3200,917840,830426,7955,"809,400",654223,2017,1956,6098,1140,3,2,0.10920535
531,21282836,3853 W 231st Pl, Torrance CA 90505,33.81656784,-118.3530964,0,1039879,3700,1091873,987885,19853,"855,300",481453,2017,1965,6769,2112,4,3,0.229099732
532,21344451,3037 Lazy Meadow Dr, Torrance CA 90505,33.79222348,-118.3421935,0,1096004,3780,1150804,1041204,10303,"934,100",187574,2017,1975,5713,2561,5,3,0.112806158
533,21326804,5457-5465 Sharynne Ln, Torrance CA 90505,33.82022002,-118.3734441,0,1712821,4812,1798462,1627180,15639,"869,800",177135,2017,1947,10977,2557,6,3,0.109566616
534,20372080,18712 Felbar Ave, Torrance CA 90504,33.86053864,-118.3385843,0,760967,2950,799015,722919,10951,"630,700",198950,2017,1954,6897,1541,4,2,0.1726908
535,21332980,4298 Michelle Dr, Torrance CA 90503,33.84684398,-118.3593177,0,1121540,3900,1177617,1065463,-13945,"744,600",335191,2017,1979,6691,2434,4,3,-0.149205557
536,21332814,21020 Ladeene Ave, Torrance CA 90503,33.83887653,-118.3605502,0,1572946,3000,1745970,1447110,22238,"744,600",201902,2017,1963,6290,4271,8,6,0.169653631
537,20372274,3953 188th St, Torrance CA 90504,33.86035461,-118.3434032,0,836513,3200,878339,794687,39666,"630,700",537179,2017,1976,6025,2045,4,2,0.56901925
538,65249331,4299 W 190th St, Torrance CA 90504,33.85924583,-118.349181,0,926908,3500,973253,880563,3759,"630,700",710406,2017,2004,131748,2580,4,4,0.048665024
539,21331622,4729 Deelane St, Torrance CA 90503,33.8523141,-118.359005,0,932905,3300,979550,886260,7352,"798,600",261643,2017,1954,5200,1616,3,2,0.094569115
540,21271612,2130 Plaza del Amo, Torrance CA 90501,33.8262295,-118.3197305,0,610931,2850,641478,580384,-3287,"595,500",353851,2017,1979,174102,1490,3,3,-0.064563756
541,21278536,2445 W 232nd St, Torrance CA 90501,33.81513569,-118.3267924,0,1278215,4071,1342126,1214304,39252,"741,900",565195,2017,1954,10149,3578,7,5,0.368501387
542,21276549,3706 W 224th St, Torrance CA 90505,33.82420453,-118.3489409,0,811534,3150,852111,770957,5440,"819,500",592756,2017,1956,5000,1283,4,2,0.080440253
543,21336758,4730 Newton St, Torrance CA 90505,33.80781583,-118.3669597,0,1159646,3992,1217628,1101664,21213,"744,600",286976,2017,1963,8305,1646,4,2,0.219511817
544,21327420,21832 Barbara St, Torrance CA 90503,33.82989772,-118.3742936,0,1263331,4200,1326498,1200164,14631,"809,400",510994,2017,1955,7227,2321,4,3,0.138975455
