Zipcode,Population,Median Age,Household Income,Per Capita Income,Poverty Count,Poverty Rate,employment_employed,Labor_force,employment_unemployed,Employment Rate,Unemployment Rate,Median_male_age,Median_female_age,Walkable_time_min,Education_none,Male_population,Female_population,Students_population,Population_from_5_17,Population_18_over,Gini_index,City
90001,57942.0,28.0,34323.0,11294.0,18902.0,32.62227744986366,22609.0,25774.0,3165.0,87.72018313028633,12.279816869713665,27.6,28.4,9400.0,2178.0,29520.0,28422.0,54813.0,2420.0,8061.0,0.4224,Los Angeles
90002,51826.0,27.5,32520.0,11212.0,18302.0,35.31432099718288,18372.0,21217.0,2845.0,86.59094122637508,13.409058773624924,26.7,28.2,3770.0,1586.0,24877.0,26949.0,49143.0,2203.0,5487.0,0.4418,Los Angeles
90003,70208.0,28.0,31878.0,10611.0,24556.0,34.9760711030082,25630.0,29808.0,4178.0,85.98362855609233,14.016371443907676,27.1,28.7,10340.0,2326.0,33953.0,36255.0,66480.0,3135.0,8732.0,0.4244,Los Angeles
90004,63095.0,35.5,43180.0,29194.0,12919.0,20.4754734923528,33238.0,36455.0,3217.0,91.17542175284598,8.824578247154026,34.8,36.4,,1838.0,31141.0,31954.0,60803.0,2143.0,11867.0,0.5609,Los Angeles
90005,39338.0,33.9,31485.0,20265.0,11520.0,29.284661141898418,20845.0,23169.0,2324.0,89.96935560447149,10.030644395528508,32.8,35.4,14100.0,1113.0,19592.0,19746.0,37668.0,1845.0,12950.0,0.4879,Los Angeles
90006,61230.0,33.6,31993.0,14306.0,17456.0,28.508900865588764,30241.0,34231.0,3983.0,88.3438988051766,11.63565189448161,33.1,34.3,23070.0,2576.0,30807.0,30423.0,58593.0,3680.0,19444.0,0.4018,Los Angeles
90007,41979.0,24.3,22485.0,11658.0,17605.0,41.93763548440887,16503.0,18978.0,2475.0,86.95858362314259,13.041416376857415,24.0,24.6,32320.0,1164.0,20802.0,21177.0,41032.0,1153.0,5789.0,0.5332,Los Angeles
90008,32060.0,43.7,36134.0,28316.0,6769.0,21.11353711790393,14358.0,16137.0,1779.0,88.97564603086076,11.024353969139245,39.8,46.1,1460.0,261.0,14038.0,18022.0,30989.0,393.0,1802.0,0.5216,Los Angeles
90010,3524.0,38.8,47569.0,37831.0,581.0,16.48694665153235,2126.0,2321.0,195.0,91.59844894442051,8.40155105557949,39.0,37.9,,43.0,1773.0,1751.0,3505.0,0.0,1037.0,0.4786,Los Angeles
90011,104762.0,28.2,31684.0,10103.0,40661.0,38.81273744296596,42428.0,46455.0,4022.0,91.33139597459908,8.657840921321709,28.4,27.9,36725.0,4078.0,52020.0,52742.0,99562.0,4790.0,14415.0,0.4215,Los Angeles
90012,32543.0,35.8,32712.0,21989.0,7755.0,23.830009525858095,11653.0,12487.0,834.0,93.3210538960519,6.678946103948106,34.7,38.9,15795.0,1360.0,19922.0,12621.0,32073.0,809.0,6858.0,0.5361,Los Angeles
90013,11668.0,43.7,22058.0,33518.0,5229.0,44.8148782996229,5107.0,5954.0,847.0,85.77426939872355,14.225730601276453,45.4,40.7,11540.0,166.0,7315.0,4353.0,11452.0,0.0,1141.0,0.6341,Los Angeles
90014,7191.0,41.3,23580.0,39272.0,2809.0,39.06271728549576,3799.0,4259.0,460.0,89.19934256867809,10.800657431321907,41.9,40.7,,85.0,4447.0,2744.0,7124.0,24.0,878.0,0.604,Los Angeles
90015,19378.0,32.8,30463.0,28731.0,7366.0,38.0121787594179,9571.0,10535.0,964.0,90.84954912197438,9.150450878025628,33.5,32.4,,591.0,9720.0,9658.0,18703.0,817.0,3969.0,0.619,Los Angeles
90016,47079.0,36.1,41140.0,21578.0,10438.0,22.171244079101086,22673.0,25041.0,2364.0,90.54350864582085,9.440517551216006,33.4,39.2,4935.0,1247.0,22515.0,24564.0,45724.0,887.0,3633.0,0.4667,Los Angeles
90017,25772.0,30.9,25143.0,20413.0,11732.0,45.52227223343163,12537.0,13497.0,945.0,92.88730829073127,7.001555901311402,31.2,30.5,,1094.0,13865.0,11907.0,24798.0,1495.0,7657.0,0.5772,Los Angeles
90018,51639.0,34.8,35696.0,17937.0,13485.0,26.113983617033636,22515.0,25481.0,2966.0,88.359954475884,11.640045524116008,32.6,36.7,6965.0,1495.0,24769.0,26870.0,49797.0,1196.0,5606.0,0.4845,Los Angeles
90019,68530.0,37.6,47518.0,28915.0,14117.0,20.599737341310377,35904.0,39337.0,3433.0,91.27284744642449,8.727152553575515,36.9,38.3,,1459.0,33741.0,34789.0,65985.0,1786.0,9479.0,0.5282,Los Angeles
90020,40170.0,34.2,40353.0,27106.0,7826.0,19.48220064724919,22315.0,24114.0,1799.0,92.5396035498051,7.460396450194907,33.4,35.4,,569.0,19672.0,20498.0,38902.0,1545.0,10206.0,0.5143,Los Angeles
90021,2954.0,43.7,12370.0,23213.0,1459.0,49.3906567366283,1274.0,1500.0,226.0,84.93333333333334,15.066666666666666,44.3,41.7,,108.0,1962.0,992.0,2910.0,148.0,641.0,0.685,Los Angeles
90022,67191.0,31.9,40650.0,14423.0,15659.0,23.30520456608772,27749.0,32147.0,4398.0,86.31909664976514,13.680903350234859,30.4,33.0,,2331.0,32482.0,34709.0,64592.0,2739.0,8556.0,0.4178,Los Angeles
90023,46611.0,30.6,37472.0,12875.0,13071.0,28.042736693055286,19622.0,21899.0,2277.0,89.60226494360474,10.39773505639527,30.5,30.7,,1631.0,23348.0,23263.0,44417.0,1775.0,7348.0,0.42,Los Angeles
90024,49737.0,23.0,57210.0,43727.0,12553.0,25.238755855801514,21416.0,23772.0,2356.0,90.0891805485445,9.910819451455493,24.4,22.3,87800.0,59.0,23337.0,26400.0,49198.0,167.0,2173.0,0.6224,Los Angeles
90025,46520.0,34.1,72653.0,49219.0,5871.0,12.620378331900257,29300.0,31197.0,1897.0,93.91928711094016,6.080712889059845,33.2,35.1,,371.0,23487.0,23033.0,45019.0,450.0,3254.0,0.4711,Los Angeles
90026,67557.0,34.5,51568.0,30685.0,15000.0,22.203472623118255,36214.0,39992.0,3778.0,90.55311062212442,9.446889377875575,34.1,34.9,15565.0,1562.0,34197.0,33360.0,65540.0,1473.0,7992.0,0.5028,Los Angeles
90027,46043.0,38.2,52922.0,41744.0,7539.0,16.373824468431682,26401.0,29257.0,2848.0,90.23823358512493,9.734422531360016,37.7,39.1,13590.0,981.0,22574.0,23469.0,44675.0,715.0,7285.0,0.5437,Los Angeles
90028,31122.0,34.1,35729.0,28361.0,8369.0,26.890945311997942,19017.0,21345.0,2328.0,89.09346451159522,10.906535488404778,34.1,33.9,26445.0,625.0,17415.0,13707.0,30577.0,613.0,5430.0,0.4975,Los Angeles
90029,40242.0,35.4,35132.0,19918.0,11062.0,27.488693404900353,21057.0,23447.0,2390.0,89.80679831108458,10.193201688915426,34.4,36.5,13590.0,1417.0,20548.0,19694.0,38734.0,1536.0,8731.0,0.454,Los Angeles
90031,38940.0,35.6,36801.0,17069.0,10800.0,27.73497688751926,17305.0,19203.0,1898.0,90.11612768838202,9.883872311617976,33.4,38.3,8125.0,2306.0,19477.0,19463.0,37571.0,916.0,5914.0,0.4659,Los Angeles
90032,47285.0,33.7,45218.0,18613.0,10833.0,22.910013746431215,21351.0,24434.0,3083.0,87.38233608905624,12.617663910943767,33.0,34.6,9655.0,1521.0,23061.0,24224.0,45509.0,643.0,4559.0,0.4399,Los Angeles
90033,49156.0,29.5,29499.0,12212.0,18025.0,36.66897225160713,18578.0,20556.0,1978.0,90.37750535123565,9.62249464876435,28.5,30.5,,1940.0,24168.0,24988.0,46849.0,2206.0,7350.0,0.4432,Los Angeles
90034,57443.0,33.4,60965.0,39185.0,8524.0,14.839057848649967,34544.0,36886.0,2325.0,93.65070758553381,6.303204467819769,33.1,33.7,7745.0,690.0,29239.0,28204.0,55625.0,382.0,2373.0,0.4775,Los Angeles
90035,30582.0,36.4,74667.0,50335.0,3449.0,11.277875874697534,16732.0,17864.0,1132.0,93.66323331840573,6.336766681594268,36.1,37.0,,485.0,14337.0,16245.0,29232.0,192.0,1730.0,0.5128,Los Angeles
90036,37931.0,34.3,71917.0,52023.0,5072.0,13.371648519680473,23155.0,24730.0,1575.0,93.63121714516781,6.368782854832188,35.0,33.6,,173.0,17751.0,20180.0,36742.0,266.0,2259.0,0.4973,Los Angeles
90037,61451.0,29.7,27129.0,11330.0,24624.0,40.07095083887976,23741.0,26749.0,3002.0,88.75471980260944,11.222849452315975,28.7,30.4,7230.0,2172.0,30331.0,31120.0,58008.0,2510.0,8885.0,0.4564,Los Angeles
90038,28155.0,32.2,35739.0,23709.0,8524.0,30.275261942816552,16162.0,17889.0,1727.0,90.34602269551121,9.653977304488793,32.5,31.9,,819.0,14811.0,13344.0,27212.0,1521.0,6313.0,0.5034,Los Angeles
90039,28436.0,39.3,77361.0,44638.0,2636.0,9.269939513293009,16089.0,17337.0,1248.0,92.80152275480187,7.198477245198132,39.0,39.8,,584.0,14073.0,14363.0,27849.0,432.0,1756.0,0.4857,Los Angeles
90040,12812.0,34.0,41897.0,15633.0,2204.0,17.202622541367468,5189.0,5784.0,573.0,89.71300138312587,9.906639004149378,33.8,34.1,385.0,501.0,6338.0,6474.0,12404.0,349.0,1183.0,0.4124,Los Angeles
90041,28405.0,39.7,68457.0,33467.0,3018.0,10.624889984157718,14363.0,15609.0,1234.0,92.01742584406432,7.905695432122493,37.7,41.9,6115.0,358.0,13644.0,14761.0,27486.0,150.0,1400.0,0.4639,Los Angeles
90042,63109.0,34.7,51444.0,23314.0,13124.0,20.795766055554676,31168.0,34587.0,3397.0,90.11478301095788,9.821609275161189,33.8,35.6,6735.0,1526.0,30523.0,32586.0,60579.0,1295.0,5515.0,0.4477,Los Angeles
90043,44328.0,40.0,41449.0,26687.0,8983.0,20.264843890994406,19097.0,22373.0,3266.0,85.3573503776874,14.597952889643768,36.6,42.9,,704.0,20632.0,23696.0,42638.0,234.0,1169.0,0.5189,Los Angeles
90044,90155.0,30.7,30288.0,13515.0,32168.0,35.68077200377128,34046.0,38571.0,4525.0,88.26838816727593,11.731611832724067,28.7,32.5,,2667.0,42399.0,47756.0,85477.0,2797.0,9480.0,0.4711,Los Angeles
90045,41145.0,34.7,81058.0,44571.0,4180.0,10.159193097581722,21994.0,23762.0,1768.0,92.55954885952362,7.440451140476391,34.0,36.2,12745.0,130.0,19800.0,21345.0,40190.0,108.0,1066.0,0.4774,Los Angeles
90046,50923.0,39.2,61157.0,61916.0,7274.0,14.284311607721461,33906.0,36776.0,2846.0,92.19599738960191,7.738742658255384,39.7,37.7,17585.0,311.0,27476.0,23447.0,50292.0,65.0,4190.0,0.5643,Los Angeles
90047,48306.0,39.0,40913.0,20815.0,10238.0,21.194054568790627,19584.0,22934.0,3350.0,85.39286648643935,14.607133513560653,34.6,40.9,,583.0,21166.0,27140.0,46477.0,382.0,1732.0,0.4671,Los Angeles
90048,22722.0,36.5,83672.0,67985.0,2021.0,8.894463515535604,14584.0,15663.0,1079.0,93.11115367426419,6.888846325735811,36.9,35.9,,71.0,10540.0,12182.0,21708.0,18.0,1088.0,0.5033,Los Angeles
90049,35581.0,41.2,117007.0,96078.0,2365.0,6.646805879542453,19220.0,20468.0,1194.0,93.90267735000977,5.833496189173344,42.1,40.6,9440.0,144.0,16076.0,19505.0,34288.0,96.0,772.0,0.5587,Los Angeles
90056,8118.0,50.1,74959.0,47886.0,483.0,5.9497413155949745,3623.0,4152.0,529.0,87.25915221579962,12.740847784200385,46.1,53.2,,17.0,3619.0,4499.0,7932.0,0.0,96.0,0.4879,Los Angeles
90057,48302.0,33.3,29332.0,14399.0,17039.0,35.2759720094406,23974.0,26585.0,2611.0,90.17867218356216,9.82132781643784,32.0,34.6,17290.0,2460.0,26132.0,22170.0,46555.0,2835.0,15624.0,0.4375,Los Angeles
90058,2674.0,23.5,15224.0,8260.0,1895.0,70.86761406133134,701.0,846.0,145.0,82.86052009456264,17.13947990543735,19.9,27.4,,152.0,1227.0,1447.0,2496.0,139.0,381.0,0.5504,Los Angeles
90059,46027.0,26.3,35061.0,11822.0,16688.0,36.25697959893106,15918.0,18992.0,3068.0,83.81423757371525,16.154170176916598,24.8,28.0,,940.0,22652.0,23375.0,43218.0,1450.0,3120.0,0.4644,Los Angeles
90061,27203.0,29.1,36094.0,13927.0,8926.0,32.812557438517814,10233.0,11667.0,1434.0,87.70892260221136,12.291077397788635,28.7,29.6,,652.0,12497.0,14706.0,25789.0,634.0,2309.0,0.4596,Los Angeles
90062,33690.0,34.3,37293.0,15316.0,8836.0,26.22736717126744,13986.0,15626.0,1640.0,89.50467170101113,10.495328298988865,32.2,35.9,,1279.0,16025.0,17665.0,32065.0,1109.0,3658.0,0.4704,Los Angeles
90063,54142.0,31.2,41267.0,14703.0,13729.0,25.357393520741752,22519.0,25882.0,3363.0,87.00641372382351,12.993586276176494,30.4,32.1,10555.0,1757.0,27041.0,27101.0,52005.0,1873.0,7031.0,0.4335,Los Angeles
90064,27032.0,38.3,92626.0,59338.0,2263.0,8.371559633027523,14053.0,14640.0,587.0,95.99043715846994,4.009562841530054,36.5,40.6,,98.0,12942.0,14090.0,25964.0,27.0,1058.0,0.5282,Los Angeles
90065,46965.0,37.0,54796.0,27209.0,9086.0,19.34632172894709,23008.0,25236.0,2228.0,91.17134252654937,8.828657473450626,35.7,38.6,,1235.0,23756.0,23209.0,45260.0,807.0,4565.0,0.4965,Los Angeles
90066,59258.0,37.5,72004.0,42388.0,6448.0,10.881231226163555,33395.0,35924.0,2529.0,92.96013806925733,7.039861930742679,37.0,37.9,,656.0,29855.0,29403.0,57062.0,565.0,4054.0,0.4651,Los Angeles
90067,2355.0,65.8,120208.0,152254.0,176.0,7.473460721868365,820.0,863.0,43.0,95.01738122827346,4.9826187717265356,65.1,66.9,,16.0,1207.0,1148.0,2350.0,0.0,227.0,0.5958,Los Angeles
90068,21450.0,39.7,76485.0,75182.0,2490.0,11.608391608391608,13508.0,15070.0,1562.0,89.63503649635037,10.364963503649635,39.0,40.4,4255.0,106.0,11701.0,9749.0,20864.0,43.0,832.0,0.5534,Los Angeles
90069,20435.0,41.6,82237.0,79600.0,2067.0,10.11499877660876,14554.0,15637.0,1083.0,93.07411907654921,6.92588092345079,42.0,40.7,6675.0,57.0,12613.0,7822.0,20215.0,36.0,834.0,0.5425,Los Angeles
90071,0.0,-666666666.0,-666666666.0,-666666666.0,0.0,,0.0,0.0,0.0,,,-666666666.0,-666666666.0,-666666666.0,0.0,0.0,0.0,0.0,0.0,0.0,-666666666.0,Los Angeles
90073,915.0,54.3,-666666666.0,11281.0,439.0,47.978142076502735,82.0,128.0,40.0,64.0625,31.25,54.7,45.7,,28.0,839.0,76.0,915.0,0.0,0.0,-666666666.0,Los Angeles
90077,8912.0,47.9,178194.0,100874.0,311.0,3.4896768402154397,4062.0,4276.0,203.0,94.9953227315248,4.747427502338634,47.5,49.1,210.0,90.0,4324.0,4588.0,8704.0,35.0,124.0,0.5064,Los Angeles
90079,0.0,-666666666.0,-666666666.0,-666666666.0,0.0,,0.0,0.0,0.0,,,-666666666.0,-666666666.0,-666666666.0,0.0,0.0,0.0,0.0,0.0,0.0,-666666666.0,Los Angeles
90089,3680.0,19.1,-666666666.0,7110.0,13.0,0.3532608695652174,687.0,996.0,309.0,68.97590361445783,31.02409638554217,19.2,19.1,,0.0,1729.0,1951.0,3680.0,0.0,0.0,0.1945,Los Angeles
90090,0.0,-666666666.0,-666666666.0,-666666666.0,0.0,,0.0,0.0,0.0,,,-666666666.0,-666666666.0,-666666666.0,0.0,0.0,0.0,0.0,0.0,0.0,-666666666.0,Los Angeles
90094,8072.0,34.3,121087.0,69563.0,910.0,11.273538156590684,4712.0,4947.0,235.0,95.24964625025268,4.750353749747322,35.2,33.5,,0.0,3691.0,4381.0,7661.0,0.0,57.0,0.4622,Los Angeles
90095,0.0,-666666666.0,-666666666.0,-666666666.0,0.0,,0.0,0.0,0.0,,,-666666666.0,-666666666.0,-666666666.0,0.0,0.0,0.0,0.0,0.0,0.0,-666666666.0,Los Angeles
90230,32692.0,39.1,73469.0,39690.0,3665.0,11.21069374770586,17299.0,18712.0,1413.0,92.44869602394185,7.551303976058144,36.5,41.5,8290.0,502.0,15849.0,16843.0,31513.0,227.0,1593.0,0.461,Los Angeles
90301,36429.0,33.2,40799.0,18413.0,7557.0,20.744461829860825,16681.0,19208.0,2527.0,86.84402332361516,13.15597667638484,31.4,35.6,,672.0,17871.0,18558.0,34755.0,887.0,3589.0,0.4336,Inglewood
90302,31064.0,33.5,43494.0,21499.0,6342.0,20.415915529229977,14732.0,17310.0,2562.0,85.10687463893703,14.800693240901213,32.5,34.2,,506.0,14122.0,16942.0,29424.0,653.0,1994.0,0.4388,Inglewood
90303,25134.0,31.8,40632.0,17445.0,6597.0,26.247314394843638,10536.0,12141.0,1605.0,86.7803311094638,13.2196688905362,30.1,33.5,,537.0,11735.0,13399.0,24145.0,531.0,2208.0,0.4555,Inglewood
90304,27008.0,28.9,38374.0,13189.0,8280.0,30.657582938388625,11657.0,13124.0,1467.0,88.82200548613228,11.177994513867723,28.2,30.1,5935.0,954.0,13583.0,13425.0,25653.0,1131.0,2989.0,0.4215,Inglewood
90305,15777.0,42.2,66114.0,33016.0,1687.0,10.692780630031057,7697.0,8616.0,919.0,89.33379758588673,10.666202414113277,40.5,43.2,,159.0,7179.0,8598.0,15162.0,72.0,380.0,0.4357,Inglewood
90501,43405.0,36.0,62590.0,27869.0,6420.0,14.790922704757516,22023.0,24015.0,1966.0,91.70518425983761,8.186550072871123,35.2,37.1,5020.0,659.0,21453.0,21952.0,41476.0,1003.0,3700.0,0.4328,Torrance
90502,17855.0,42.1,67225.0,26583.0,2209.0,12.371884626155138,8196.0,9087.0,878.0,90.19478375701551,9.662154726532409,39.6,44.5,,444.0,8913.0,8942.0,17121.0,111.0,1572.0,0.3986,Torrance
90503,44562.0,40.3,78290.0,38477.0,3428.0,7.692652932992235,21465.0,22815.0,1350.0,94.0828402366864,5.9171597633136095,38.8,41.5,5550.0,488.0,21623.0,22939.0,43082.0,605.0,3879.0,0.4295,Torrance
90504,33609.0,40.0,75036.0,33226.0,2901.0,8.631616531286262,16002.0,17531.0,1518.0,91.27830699903029,8.658947008156979,37.9,41.5,,334.0,16839.0,16770.0,32490.0,325.0,1969.0,0.4273,Torrance
90505,37242.0,43.4,84450.0,44236.0,1882.0,5.053434294613608,18031.0,19054.0,1002.0,94.63104859871943,5.258738322661908,42.3,44.0,995.0,108.0,17933.0,19309.0,36053.0,555.0,2205.0,0.4498,Torrance
90506,0.0,-666666666.0,-666666666.0,-666666666.0,0.0,,0.0,0.0,0.0,,,-666666666.0,-666666666.0,-666666666.0,0.0,0.0,0.0,0.0,0.0,0.0,-666666666.0,Torrance
90745,57785.0,37.6,71813.0,23543.0,7019.0,12.146750886908368,26604.0,29963.0,3336.0,88.78950705870574,11.133731602309515,36.3,39.0,,1592.0,28122.0,29663.0,55750.0,695.0,3918.0,0.3956,Long Beach
90746,26584.0,41.0,80175.0,30304.0,2173.0,8.174089678001806,12433.0,13979.0,1530.0,88.94055368767437,10.944988911939337,36.9,45.0,,560.0,12980.0,13604.0,25761.0,92.0,735.0,0.3634,Long Beach
90747,0.0,-666666666.0,-666666666.0,-666666666.0,0.0,,0.0,0.0,0.0,,,-666666666.0,-666666666.0,-666666666.0,0.0,0.0,0.0,0.0,0.0,0.0,-666666666.0,Long Beach
90755,11491.0,33.3,70357.0,32282.0,1778.0,15.472978853015404,5971.0,6427.0,456.0,92.90493231678855,7.095067683211452,32.7,33.9,,320.0,5646.0,5845.0,10937.0,6.0,232.0,0.4429,Long Beach
90802,39873.0,36.1,45689.0,34394.0,9898.0,24.82381561457628,22190.0,24094.0,1795.0,92.09761766414876,7.449987548767328,36.4,35.9,13725.0,757.0,21152.0,18721.0,38466.0,417.0,2178.0,0.4883,Long Beach
90803,31680.0,43.6,78406.0,61136.0,2619.0,8.267045454545455,18638.0,19995.0,1344.0,93.21330332583146,6.721680420105026,43.6,43.7,,410.0,15416.0,16264.0,31134.0,16.0,381.0,0.4861,Long Beach
90804,40751.0,30.4,46790.0,22900.0,10159.0,24.929449584059288,20106.0,22070.0,1943.0,91.10104213864975,8.803806071590394,30.0,30.9,5645.0,2700.0,19934.0,20817.0,39037.0,733.0,2488.0,0.4552,Long Beach
90805,95808.0,30.2,45878.0,17574.0,22869.0,23.869614228456914,40649.0,47247.0,6539.0,86.03509217516456,13.840032171354794,29.6,30.7,6075.0,2822.0,47186.0,48622.0,90952.0,2230.0,6913.0,0.4333,Long Beach
90806,42312.0,33.2,47034.0,18661.0,10335.0,24.425694838343734,17820.0,19797.0,1977.0,90.01363843006516,9.98636156993484,31.9,35.0,2785.0,3271.0,20573.0,21739.0,40714.0,1116.0,3570.0,0.4408,Long Beach
90807,33217.0,39.4,72401.0,37422.0,2102.0,6.328085016708312,17745.0,18921.0,1146.0,93.78468368479467,6.056762327572539,39.1,40.0,2210.0,430.0,16029.0,17188.0,31788.0,13.0,742.0,0.434,Long Beach
90808,38637.0,42.9,97500.0,42914.0,1906.0,4.9330952196081475,19135.0,20199.0,1020.0,94.7324124956681,5.049754938363285,42.3,43.8,2190.0,330.0,18800.0,19837.0,37495.0,18.0,271.0,0.4014,Long Beach
90810,37422.0,33.0,51271.0,17595.0,7090.0,18.946074501630058,15814.0,17896.0,2076.0,88.36611533303531,11.600357621814931,30.6,34.3,4330.0,1139.0,18572.0,18850.0,36016.0,598.0,2414.0,0.4205,Long Beach
90813,60997.0,27.9,31775.0,12752.0,20928.0,34.3098840926603,24061.0,27431.0,3358.0,87.71462943385221,12.241624439502752,27.2,28.5,16445.0,3784.0,30170.0,30827.0,57086.0,2913.0,7936.0,0.4353,Long Beach
90814,18760.0,37.7,61093.0,40166.0,2773.0,14.781449893390192,10815.0,11593.0,778.0,93.28905373932545,6.710946260674545,37.2,38.0,1740.0,409.0,9141.0,9619.0,18396.0,0.0,224.0,0.4395,Long Beach
90815,39822.0,39.0,79809.0,36644.0,4565.0,11.463512631208879,18988.0,20413.0,1399.0,93.01915446039288,6.853475726252878,38.4,39.3,,316.0,19444.0,20378.0,38480.0,24.0,458.0,0.4244,Long Beach
90822,148.0,61.3,-666666666.0,22275.0,0.0,0.0,0.0,0.0,0.0,,,65.1,-666666666.0,-666666666.0,0.0,137.0,11.0,148.0,0.0,0.0,-666666666.0,Long Beach
90831,0.0,-666666666.0,-666666666.0,-666666666.0,0.0,,0.0,0.0,0.0,,,-666666666.0,-666666666.0,-666666666.0,0.0,0.0,0.0,0.0,0.0,0.0,-666666666.0,Long Beach
91101,20761.0,34.6,61473.0,41477.0,4489.0,21.62227253022494,11663.0,12565.0,902.0,92.82132908873857,7.178670911261441,34.3,34.8,12250.0,266.0,9401.0,11360.0,20202.0,170.0,2038.0,0.4844,Pasadena
91103,28124.0,36.3,62697.0,31680.0,5328.0,18.944673588394252,13230.0,14258.0,1028.0,92.79001262449151,7.2099873755084865,34.2,38.4,,568.0,14129.0,13995.0,27229.0,709.0,2143.0,0.5475,Pasadena
91104,38725.0,38.7,70208.0,34175.0,6392.0,16.50613298902518,18905.0,20672.0,1758.0,91.45220588235294,8.504256965944272,37.3,40.3,6255.0,688.0,18505.0,20220.0,37268.0,405.0,2723.0,0.4733,Pasadena
91105,11728.0,48.8,107284.0,76598.0,966.0,8.236698499317871,6190.0,6577.0,387.0,94.11585829405504,5.88414170594496,47.6,50.6,,71.0,5710.0,6018.0,11421.0,22.0,204.0,0.5094,Pasadena
91106,24875.0,34.7,75160.0,50033.0,3226.0,12.968844221105527,14219.0,15040.0,821.0,94.54122340425532,5.4587765957446805,34.4,34.9,18605.0,159.0,12493.0,12382.0,23977.0,83.0,1460.0,0.5297,Pasadena
91107,32027.0,42.7,84663.0,47753.0,3098.0,9.67308833172011,16289.0,17433.0,1144.0,93.43773303504847,6.562266964951529,40.8,44.6,3790.0,439.0,15858.0,16169.0,31074.0,209.0,1746.0,0.4912,Pasadena
91108,13675.0,46.8,141739.0,74523.0,1028.0,7.517367458866545,5430.0,5681.0,251.0,95.58176377398345,4.418236226016546,42.6,48.1,,139.0,6890.0,6785.0,13470.0,216.0,1192.0,0.5294,Pasadena
91201,23510.0,41.0,54603.0,29196.0,3406.0,14.487452148022118,11515.0,12934.0,1419.0,89.02891603525592,10.971083964744086,41.0,41.0,,919.0,11324.0,12186.0,22884.0,786.0,5620.0,0.4952,Glendale
91202,23219.0,43.1,62104.0,34181.0,3073.0,13.234850768766957,11195.0,12267.0,1064.0,91.26110703513491,8.6736773457243,41.7,44.5,3015.0,511.0,10510.0,12709.0,22597.0,502.0,3883.0,0.4748,Glendale
91203,14051.0,38.4,48849.0,25383.0,1972.0,14.03458828553128,6897.0,7654.0,757.0,90.10974653775804,9.890253462241965,35.2,42.4,4195.0,311.0,7091.0,6960.0,13685.0,288.0,2773.0,0.4685,Glendale
91204,17681.0,37.7,41586.0,20541.0,3861.0,21.83700016967366,8467.0,9486.0,1019.0,89.25785367910605,10.74214632089395,36.1,38.7,,485.0,8337.0,9344.0,16953.0,733.0,4232.0,0.4588,Glendale
91205,37664.0,39.6,38138.0,22434.0,8119.0,21.556393372982157,17045.0,19236.0,2169.0,88.6098981077147,11.27573300062383,37.4,41.6,,1517.0,18012.0,19652.0,36491.0,1442.0,9028.0,0.4773,Glendale
91206,34247.0,42.1,53911.0,32300.0,5160.0,15.067013169036704,16354.0,18074.0,1720.0,90.48356755560474,9.516432444395264,41.3,43.6,,725.0,16452.0,17795.0,32945.0,620.0,6575.0,0.489,Glendale
91207,10071.0,47.3,86190.0,51003.0,808.0,8.023036441267005,4965.0,5377.0,382.0,92.33773479635485,7.104333271340896,44.8,48.3,,36.0,4825.0,5246.0,9807.0,127.0,1025.0,0.5113,Glendale
91208,17180.0,41.8,111563.0,47720.0,1181.0,6.874272409778812,8543.0,8944.0,401.0,95.5165474060823,4.48345259391771,38.9,42.6,,58.0,8523.0,8657.0,16401.0,75.0,782.0,0.4195,Glendale
91210,886.0,31.4,160132.0,68496.0,197.0,22.23476297968397,337.0,337.0,0.0,100.0,0.0,22.4,33.8,,0.0,533.0,353.0,863.0,56.0,57.0,0.4598,Glendale
91214,30935.0,42.0,91255.0,38370.0,1536.0,4.96524971714886,14772.0,15643.0,850.0,94.43201431950393,5.433740331138528,42.1,41.9,2900.0,282.0,14485.0,16450.0,30180.0,391.0,1191.0,0.4076,Glendale
91321,34664.0,34.1,62237.0,29167.0,5459.0,15.748326794368797,16102.0,17847.0,1706.0,90.22244634952654,9.559029528772342,33.1,35.9,3755.0,616.0,17461.0,17203.0,33220.0,978.0,2743.0,0.4607,Santa Clarita
91331,101536.0,32.2,53714.0,15854.0,20093.0,19.789040340371887,45043.0,51066.0,6019.0,88.20545960130028,11.786707398268907,32.3,32.2,5440.0,4319.0,51008.0,50528.0,97366.0,2224.0,9654.0,0.399,Los Angeles
91335,80161.0,36.8,51263.0,22064.0,16407.0,20.46755903743716,38141.0,41069.0,2920.0,92.87053495337116,7.109985633933137,34.8,38.4,,2480.0,39322.0,40839.0,77064.0,1946.0,9285.0,0.4544,Los Angeles
91350,37400.0,37.5,101695.0,36088.0,2111.0,5.644385026737968,18425.0,19881.0,1456.0,92.6764247271264,7.323575272873598,36.3,38.8,,208.0,18262.0,19138.0,36121.0,81.0,656.0,0.3677,Santa Clarita
91351,33247.0,36.5,70663.0,27899.0,4239.0,12.750022558426323,16271.0,17871.0,1595.0,91.0469475686867,8.925074142465446,35.9,36.8,,287.0,16694.0,16553.0,32204.0,544.0,1645.0,0.4054,Santa Clarita
91354,30058.0,37.3,116009.0,44217.0,1381.0,4.59445072859139,14813.0,15973.0,1152.0,92.737744944594,7.212170537782508,36.3,38.0,70.0,136.0,14985.0,15073.0,28906.0,143.0,492.0,0.3628,Santa Clarita
91355,33129.0,39.6,89889.0,41957.0,2008.0,6.061154879410788,16354.0,17573.0,1157.0,93.06322198827748,6.583964035736641,39.1,40.4,,155.0,16316.0,16813.0,32138.0,87.0,858.0,0.4018,Santa Clarita
91381,20790.0,38.0,117835.0,51772.0,1193.0,5.7383357383357385,9807.0,10647.0,840.0,92.11045364891518,7.889546351084813,37.6,38.2,870.0,124.0,10079.0,10711.0,20133.0,237.0,773.0,0.4425,Santa Clarita
91384,29676.0,33.7,102744.0,29058.0,1877.0,6.324976411915353,11521.0,12518.0,958.0,92.03546892474836,7.652979709218725,32.7,36.1,1605.0,193.0,17679.0,11997.0,28827.0,212.0,670.0,0.362,Santa Clarita
91387,44106.0,34.5,84930.0,33274.0,4094.0,9.282183829864417,21796.0,23614.0,1814.0,92.30117726772254,7.68188362835606,32.7,35.5,985.0,213.0,21588.0,22518.0,42169.0,376.0,1347.0,0.3945,Santa Clarita
91390,20546.0,41.5,108391.0,39545.0,1197.0,5.8259515234108825,10126.0,10858.0,732.0,93.25842696629213,6.741573033707865,41.0,41.9,,57.0,10745.0,9801.0,19995.0,43.0,303.0,0.3622,Santa Clarita
91501,20110.0,38.8,61048.0,31122.0,3053.0,15.181501740427647,9600.0,10916.0,1316.0,87.94430194210334,12.055698057896665,37.0,40.9,,353.0,9679.0,10431.0,19541.0,179.0,1603.0,0.4605,Burbank
91502,12080.0,38.6,40083.0,25234.0,2373.0,19.644039735099337,5637.0,6312.0,675.0,89.30608365019012,10.693916349809886,38.0,40.0,,302.0,5830.0,6250.0,11846.0,149.0,2229.0,0.4851,Burbank
91504,26833.0,38.5,74006.0,36537.0,2353.0,8.76905303171468,13172.0,14346.0,1160.0,91.8165342255681,8.08587759654259,38.3,38.7,5890.0,405.0,12839.0,13994.0,25898.0,388.0,1910.0,0.4413,Burbank
91505,30985.0,38.1,80389.0,39816.0,3052.0,9.84992738421817,17151.0,18585.0,1425.0,92.28410008071025,7.6674737691686845,37.6,38.6,5830.0,288.0,14929.0,16056.0,29782.0,99.0,874.0,0.4267,Burbank
91506,18125.0,43.7,73661.0,39613.0,1596.0,8.80551724137931,9560.0,10148.0,565.0,94.20575482853765,5.567599527000394,42.4,46.0,2140.0,335.0,8832.0,9293.0,17680.0,115.0,603.0,0.439,Burbank
91801,55265.0,40.4,51867.0,26001.0,9210.0,16.665158780421606,26806.0,28667.0,1861.0,93.50821502075557,6.491784979244428,37.1,41.9,,2182.0,26693.0,28572.0,53521.0,898.0,9080.0,0.4648,Alhambra
91803,29502.0,42.2,57380.0,25731.0,3762.0,12.751677852348994,14346.0,15139.0,762.0,94.76187330735188,5.033357553339058,40.6,44.3,1775.0,1085.0,14701.0,14801.0,28785.0,680.0,4374.0,0.4375,Alhambra
93550,75624.0,27.9,36988.0,14676.0,24232.0,32.042737755209984,26284.0,30257.0,3926.0,86.8691542452986,12.975509799385266,26.9,28.9,4425.0,1380.0,37018.0,38606.0,70911.0,1861.0,5396.0,0.4574,Palmdale
93551,51023.0,37.9,84000.0,32295.0,3455.0,6.77145601003469,21947.0,24227.0,2259.0,90.58901225904982,9.324307590704585,36.3,40.2,1520.0,570.0,25357.0,25666.0,49206.0,282.0,1388.0,0.3963,Palmdale
93552,41128.0,29.2,56971.0,16648.0,6079.0,14.780684691694223,14893.0,16891.0,1998.0,88.17121544017525,11.82878455982476,27.5,31.5,,929.0,21036.0,20092.0,39236.0,1641.0,3043.0,0.3767,Palmdale
93591,6508.0,34.1,41080.0,13778.0,2080.0,31.960663798401967,1754.0,2230.0,472.0,78.65470852017937,21.16591928251121,30.5,37.9,,86.0,3302.0,3206.0,6298.0,190.0,498.0,0.3982,Palmdale
